filename,ATTRIBUTE_Tray,ATTRIBUTE_Injection_Order,ATTRIBUTE_Date_Collected,ATTRIBUTE_Site,ATTRIBUTE_Bottle_Number,ATTRIBUTE_Sample_Device,ATTRIBUTE_mL_filtered,ATTRIBUTE_HPLC_number,ATTRIBUTE_Meter,ATTRIBUTE_Quad,ATTRIBUTE_Replicate,ATTRIBUTE_Sample_Type,ATTRIBUTE_Month,ATTRIBUTE_Season,ATTRIBUTE_Phase_State,ATTRIBUTE_Functional_Group,ATTRIBUTE_Color,ATTRIBUTE_Species,ATTRIBUTE_Tissue_Study
Tray_3_P_113.mzML,Tray3,122,6_16_2022,Little_Drisko,Blank,Blank,1000,P_113,Blank,Blank,Blank,Blank,Blank,Blank,Blank,NA,NA,NA,Blank
Tray_3_P_126.mzML,Tray3,123,6_15_2022,Crumple,Blank,Blank,1000,P_126,Blank,Blank,Blank,Blank,Blank,Blank,Blank,NA,NA,NA,Blank
Tray_3_P_133.mzML,Tray3,124,6_29_2022,Metinic_Allen,Blank,Blank,300,P_133,Blank,Blank,Blank,Blank,Blank,Blank,Blank,NA,NA,NA,Blank
Tray_3_P_137.mzML,Tray3,125,7_7_2022,Damariscove_Island,Blank,Blank,300,P_137,Blank,Blank,Blank,Blank,Blank,Blank,Blank,NA,NA,NA,Blank
Tray_3_P_141.mzML,Tray3,126,7_14_2022,Halfway_Rock,Blank,Blank,300,P_141,Blank,Blank,Blank,Blank,Blank,Blank,Blank,NA,NA,NA,Blank
Tray_3_P_148.mzML,Tray3,127,7_27_2022,Metinic_Allen,Blank,Blank,300,P_148,Blank,Blank,Blank,Blank,Blank,Blank,Blank,NA,NA,NA,Blank
Tray_4_P_161.mzML,Tray4,185,8_16_2022,Halfway_Rock,Blank,Blank,1000,P_161,Blank,Blank,Blank,Blank,Blank,Blank,Blank,NA,NA,NA,Blank
Tray_4_P_174.mzML,Tray4,186,8_19_2022,Damariscove_Island,Blank,Blank,1000,P_174,Blank,Blank,Blank,Blank,Blank,Blank,Blank,NA,NA,NA,Blank
Tray_4_P_187.mzML,Tray4,187,8_22_2022,Allen_Island,Blank,Blank,1000,P_187,Blank,Blank,Blank,Blank,Blank,Blank,Blank,NA,NA,NA,Blank
Tray_4_P_200.mzML,Tray4,188,8_28_2022,Ram_Island,Blank,Blank,1000,P_200,Blank,Blank,Blank,Blank,Blank,Blank,Blank,NA,NA,NA,Blank
Tray_5_P_213.mzML,Tray5,294,8_29_2022,Crumple,Blank,Blank,1000,P_213,Blank,Blank,Blank,Blank,Blank,Blank,Blank,NA,NA,NA,Blank
Tray_5_P_226.mzML,Tray5,299,9_1_2022,Little_Drisko,Blank,Blank,1000,P_226,Blank,Blank,Blank,Blank,Blank,Blank,Blank,NA,NA,NA,Blank
Tray_5_P_239.mzML,Tray5,291,9_8_2022,Isle_Au_Haute,Blank,Blank,1000,P_239,Blank,Blank,Blank,Blank,Blank,Blank,Blank,NA,NA,NA,Blank
Tray_5_P_243.mzML,Tray5,261,9_13_2022,Damariscove_Island,Blank,Blank,300,P_243,Blank,Blank,Blank,Blank,Blank,Blank,Blank,NA,NA,NA,Blank
Tray_5_P_247.mzML,Tray5,283,9_16_2022,Halfway_Rock,Blank,Blank,300,P_247,Blank,Blank,Blank,Blank,Blank,Blank,Blank,NA,NA,NA,Blank
Tray_5_P_252.mzML,Tray5,279,8_25_2022,Metinic_Island,Blank,Blank,300,P_252,Blank,Blank,Blank,Blank,Blank,Blank,Blank,NA,NA,NA,Blank
Tray1_P_12.mzML,Tray1,25,3_11_2022,Halfway_Cape_Small,Blank,Blank,300,P_12,Blank,Blank,Blank,Blank,Blank,Blank,Blank,NA,NA,NA,Blank
Tray1_P_16.mzML,Tray1,61,3_19_2022,Damariscove_Island,Blank,Blank,300,P_16,Blank,Blank,Blank,Blank,Blank,Blank,Blank,NA,NA,NA,Blank
Tray1_P_20.mzML,Tray1,14,4_13_2022,Metinic_Island,Blank,blank,300,P_20,Blank,Blank,Blank,Blank,Blank,Blank,Blank,NA,NA,NA,Blank
Tray1_P_33.mzML,Tray1,54,4_18_2022,Halfway_Rock,Blank,Blank,700,P_33,Blank,Blank,Blank,Blank,Blank,Blank,Blank,NA,NA,NA,Blank
Tray1_P_37.mzML,Tray1,16,4_25_2022,Allen_Island,Blank,Blank,300,P_37,Blank,Blank,Blank,Blank,Blank,Blank,Blank,NA,NA,NA,Blank
Tray1_P_41.mzML,Tray1,10,4_27_2022,Damariscove_Island,Blank,Blank,300,P_41,Blank,Blank,Blank,Blank,Blank,Blank,Blank,NA,NA,NA,Blank
Tray1_P_45.mzML,Tray1,39,5_16_2022,Metinic_Island,Blank,Blank,300,P_45,Blank,Blank,Blank,Blank,Blank,Blank,Blank,NA,NA,NA,Blank
Tray1_P_6.mzML,Tray1,50,3_10_2022,Metinic_Allen,Blank,Blank,300,P_6,Blank,Blank,Blank,Blank,Blank,Blank,Blank,NA,NA,NA,Blank
Tray2_P_100.mzML,Tray2,101,6_14_2022,Ram_Island,Blank,Blank,1000,P_100,Blank,Blank,Blank,Blank,Blank,Blank,Blank,NA,NA,NA,Blank
Tray2_P_58.mzML,Tray2,113,5_19_2022,Halfway_Rock,Blank,Blank,1000,P_58,Blank,Blank,Blank,Blank,Blank,Blank,Blank,NA,NA,NA,Blank
Tray2_P_70.mzML,Tray2,67,5_24_2022,Allen_Island,Blank,Blank,1000,P_70,Blank,Blank,Blank,Blank,Blank,Blank,Blank,NA,NA,NA,Blank
Tray2_P_83.mzML,Tray2,100,6_2_2022,Damariscove_Island,Blank,Blank,1000,P_83,Blank,Blank,Blank,Blank,Blank,Blank,Blank,NA,NA,NA,Blank
Tray2_P_87.mzML,Tray2,107,6_6_2022,Halfway_Rock,Blank,Blank,300,P_87,Blank,Blank,Blank,Blank,Blank,Blank,Blank,NA,NA,NA,Blank
24.mzML,NA,NA,6_2_2022,Damariscove_Island,NA,NA,NA,NA,NA,NA,NA,Tissue,June,Early_Season,Turf,Kelp,Brown,Sacchrina_latissima,Core_T
249E.mzML,NA,NA,9_13_2022,Damariscove_Island,NA,NA,NA,NA,NA,NA,NA,Tissue,September,NA,NA,Red_Blade,Red,Chondrus_crispus,Core_T
24E.mzML,NA,NA,5_16_2022,Metinic,NA,NA,NA,NA,NA,NA,NA,Tissue,May,NA,NA,Kelp,Brown,Laminaria_digitata,Core_T
25.mzML,NA,NA,5_19_2022,Halfway_Rock,NA,NA,NA,NA,NA,NA,NA,Tissue,May,Early_Season,Turf,Kelp,Brown,Alaria_esculenta,Core_T
258E.mzML,NA,NA,9_13_2022,Damariscove_Island,NA,NA,NA,NA,NA,NA,NA,Tissue,September,NA,NA,Red_Filament,Red,Dasysiponia_japonica,Core_T
259E.mzML,NA,NA,9_13_2022,Damariscove_Island,NA,NA,NA,NA,NA,NA,NA,Tissue,September,NA,NA,Red_Filament,Red,Dasysiponia_japonica,Core_T
25E.mzML,NA,NA,5_16_2022,Metinic,NA,NA,NA,NA,NA,NA,NA,Tissue,May,NA,NA,Kelp,Brown,Laminaria_digitata,Core_T
26.mzML,NA,NA,5_24_2022,Allen_Island,NA,NA,NA,NA,NA,NA,NA,Tissue,May,Early_Season,Turf,Red_Blade,Red,Palmaria_palmata,Core_T
260E.mzML,NA,NA,9_13_2022,Damariscove_Island,NA,NA,NA,NA,NA,NA,NA,Tissue,September,NA,NA,Kelp,Brown,Sacchrina_latissima,Core_T
261E.mzML,NA,NA,9_13_2022,Damariscove_Island,NA,NA,NA,NA,NA,NA,NA,Tissue,September,NA,NA,Red_Blade,Red,Chondrus_crispus,Core_T
263E.mzML,NA,NA,9_13_2022,Damariscove_Island,NA,NA,NA,NA,NA,NA,NA,Tissue,September,NA,NA,Kelp,Brown,Sacchrina_latissima,Core_T
268E.mzML,NA,NA,9_13_2022,Damariscove_Island,NA,NA,NA,NA,NA,NA,NA,Tissue,September,NA,NA,Red_Filament,Red,Dasysiponia_japonica,Core_T
269E.mzML,NA,NA,9_13_2022,Damariscove_Island,NA,NA,NA,NA,NA,NA,NA,Tissue,September,NA,NA,Kelp,Brown,Sacchrina_latissima,Core_T
26E.mzML,NA,NA,5_16_2022,Metinic,NA,NA,NA,NA,NA,NA,NA,Tissue,May,NA,NA,Red_Blade,Red,Chondrus_crispus,Core_T
27.mzML,NA,NA,5_24_2022,Allen_Island,NA,NA,NA,NA,NA,NA,NA,Tissue,May,Early_Season,Turf,Red_Filament,Red,Polysiphonia_stricta,Core_T
270E.mzML,NA,NA,9_16_2022,Halfway_Rock,NA,NA,NA,NA,NA,NA,NA,Tissue,September,NA,NA,Red_Blade,Red,Chondrus_crispus,Core_T
271E.mzML,NA,NA,9_16_2022,Halfway_Rock,NA,NA,NA,NA,NA,NA,NA,Tissue,September,NA,NA,Kelp,Brown,Sacchrina_latissima,Core_T
272E.mzML,NA,NA,9_16_2022,Halfway_Rock,NA,NA,NA,NA,NA,NA,NA,Tissue,September,NA,NA,Kelp,Brown,Sacchrina_latissima,Core_T
273E.mzML,NA,NA,9_16_2022,Halfway_Rock,NA,NA,NA,NA,NA,NA,NA,Tissue,September,NA,NA,Red_Filament,Red,Dasysiponia_japonica,Core_T
274E.mzML,NA,NA,9_16_2022,Halfway_Rock,NA,NA,NA,NA,NA,NA,NA,Tissue,September,NA,NA,Red_Blade,Red,Chondrus_crispus,Core_T
275E.mzML,NA,NA,9_16_2022,Halfway_Rock,NA,NA,NA,NA,NA,NA,NA,Tissue,September,NA,NA,Red_Filament,Red,Dasysiponia_japonica,Core_T
276E.mzML,NA,NA,9_16_2022,Halfway_Rock,NA,NA,NA,NA,NA,NA,NA,Tissue,September,NA,NA,Red_Blade,Red,Chondrus_crispus,Core_T
277E.mzML,NA,NA,9_16_2022,Halfway_Rock,NA,NA,NA,NA,NA,NA,NA,Tissue,September,NA,NA,Red_Filament,Red,Dasysiponia_japonica,Core_T
278E.mzML,NA,NA,9_16_2022,Halfway_Rock,NA,NA,NA,NA,NA,NA,NA,Tissue,September,NA,NA,Kelp,Brown,Sacchrina_latissima,Core_T
27E.mzML,NA,NA,5_16_2022,Metinic,NA,NA,NA,NA,NA,NA,NA,Tissue,May,NA,NA,Red_Blade,Red,Chondrus_crispus,Core_T
28E.mzML,NA,NA,5_16_2022,Metinic,NA,NA,NA,NA,NA,NA,NA,Tissue,May,NA,NA,Red_Filament,Red,Dasysiponia_japonica,Core_T
29.mzML,NA,NA,5_24_2022,Allen_Island,NA,NA,NA,NA,NA,NA,NA,Tissue,May,Early_Season,Turf,Red_Blade,Red,Euthora_cristata,Core_T
29E.mzML,NA,NA,5_16_2022,Metinic,NA,NA,NA,NA,NA,NA,NA,Tissue,May,NA,NA,Kelp,Brown,Laminaria_digitata,Core_T
2E.mzML,NA,NA,4_25_2022,Allen_Island,NA,NA,NA,NA,NA,NA,NA,Tissue,April,NA,NA,Red_Blade,Red,Chondrus_crispus,Core_T
30.mzML,NA,NA,5_24_2022,Allen_Island,NA,NA,NA,NA,NA,NA,NA,Tissue,May,Early_Season,Turf,Red_Filament,Red,Dasysiponia_japonica,Core_T
300.mzML,NA,NA,3_10_2022,Allen_Island,NA,NA,NA,NA,NA,NA,NA,Tissue,March,NA,NA,Red_Blade,Red,Chondrus_crispus,Core_T
301.mzML,NA,NA,3_18_2022,Damariscove_Island,NA,NA,NA,NA,NA,NA,NA,Tissue,March,NA,NA,Red_Blade,Red,Chondrus_crispus,Core_T
302.mzML,NA,NA,4_13_2022,Metinic,NA,NA,NA,NA,NA,NA,NA,Tissue,April,NA,NA,Kelp,Brown,Sacchrina_latissima,Core_T
303.mzML,NA,NA,3_11_2022,Halfway_Rock,NA,NA,NA,NA,NA,NA,NA,Tissue,March,NA,NA,Red_Blade,Red,Chondrus_crispus,Core_T
304.mzML,NA,NA,4_13_2022,Metinic,NA,NA,NA,NA,NA,NA,NA,Tissue,April,NA,NA,Red_Blade,Red,Chondrus_crispus,Core_T
305.mzML,NA,NA,4_13_2022,Metinic,NA,NA,NA,NA,NA,NA,NA,Tissue,April,NA,NA,Red_Filament,Red,Dasysiponia_japonica,Core_T
306.mzML,NA,NA,3_11_2022,Halfway_Rock,NA,NA,NA,NA,NA,NA,NA,Tissue,March,NA,NA,Red_Filament,Red,Dasysiponia_japonica,Core_T
307.mzML,NA,NA,3_18_2022,Damariscove_Island,NA,NA,NA,NA,NA,NA,NA,Tissue,March,NA,NA,Kelp,Brown,Sacchrina_latissima,Core_T
308.mzML,NA,NA,3_10_2022,Allen_Island,NA,NA,NA,NA,NA,NA,NA,Tissue,March,NA,NA,Red_Blade,Red,Chondrus_crispus,Core_T
309.mzML,NA,NA,3_10_2022,Metinic,NA,NA,NA,NA,NA,NA,NA,Tissue,March,NA,NA,Kelp,Brown,Laminaria_digitata,Core_T
30E.mzML,NA,NA,5_16_2022,Metinic,NA,NA,NA,NA,NA,NA,NA,Tissue,May,NA,NA,Red_Filament,Red,Dasysiponia_japonica,Core_T
31.mzML,NA,NA,5_24_2022,Allen_Island,NA,NA,NA,NA,NA,NA,NA,Tissue,May,Early_Season,Turf,Red_Tube,Red,GCA,Core_T
310.mzML,NA,NA,4_13_2022,Metinic,NA,NA,NA,NA,NA,NA,NA,Tissue,April,NA,NA,Red_Filament,Red,Dasysiponia_japonica,Core_T
311.mzML,NA,NA,3_11_2022,Halfway_Rock,NA,NA,NA,NA,NA,NA,NA,Tissue,March,NA,NA,Red_Blade,Red,Chondrus_crispus,Core_T
312.mzML,NA,NA,3_18_2022,Damariscove_Island,NA,NA,NA,NA,NA,NA,NA,Tissue,March,NA,NA,Kelp,Brown,Sacchrina_latissima,Core_T
313.mzML,NA,NA,3_10_2022,Metinic,NA,NA,NA,NA,NA,NA,NA,Tissue,March,NA,NA,Red_Blade,Red,Chondrus_crispus,Core_T
314.mzML,NA,NA,3_18_2022,Damariscove_Island,NA,NA,NA,NA,NA,NA,NA,Tissue,March,NA,NA,Red_Filament,Red,Dasysiponia_japonica,Core_T
315.mzML,NA,NA,4_13_2022,Metinic,NA,NA,NA,NA,NA,NA,NA,Tissue,April,NA,NA,Red_Blade,Red,Chondrus_crispus,Core_T
316.mzML,NA,NA,4_13_2022,Metinic,NA,NA,NA,NA,NA,NA,NA,Tissue,April,NA,NA,Kelp,Brown,Laminaria_digitata,Core_T
317.mzML,NA,NA,4_13_2022,Metinic,NA,NA,NA,NA,NA,NA,NA,Tissue,April,NA,NA,Red_Filament,Red,Dasysiponia_japonica,Core_T
318.mzML,NA,NA,4_13_2022,Metinic,NA,NA,NA,NA,NA,NA,NA,Tissue,April,NA,NA,Kelp,Brown,Laminaria_digitata,Core_T
319.mzML,NA,NA,3_18_2022,Damariscove_Island,NA,NA,NA,NA,NA,NA,NA,Tissue,March,NA,NA,Red_Blade,Red,Chondrus_crispus,Core_T
32.mzML,NA,NA,5_24_2022,Allen_Island,NA,NA,NA,NA,NA,NA,NA,Tissue,May,Early_Season,Turf,Kelp,Red,Chondrus_crispus,Core_T
320.mzML,NA,NA,4_13_2022,Metinic,NA,NA,NA,NA,NA,NA,NA,Tissue,April,NA,NA,Red_Blade,Red,Dasysiponia_japonica,Core_T
321.mzML,NA,NA,3_10_2022,Metinic,NA,NA,NA,NA,NA,NA,NA,Tissue,March,NA,NA,Red_Blade,Red,Chondrus_crispus,Core_T
322.mzML,NA,NA,3_18_2022,Damariscove_Island,NA,NA,NA,NA,NA,NA,NA,Tissue,March,NA,NA,Red_Filament,Red,Dasysiponia_japonica,Core_T
33.mzML,NA,NA,5_24_2022,Allen_Island,NA,NA,NA,NA,NA,NA,NA,Tissue,May,Early_Season,Turf,Coralline,Red,Corallina_officinalis,Core_T
34.mzML,NA,NA,5_24_2022,Allen_Island,NA,NA,NA,NA,NA,NA,NA,Tissue,May,Early_Season,Turf,Kelp,Brown,Agarum_clathrathum,Core_T
35.mzML,NA,NA,5_24_2022,Allen_Island,NA,NA,NA,NA,NA,NA,NA,Tissue,May,Early_Season,Turf,Red_Filament,Red,Bonnemaisonia_hamifera,Core_T
36.mzML,NA,NA,6_2_2022,Damariscove_Island,NA,NA,NA,NA,NA,NA,NA,Tissue,June,Early_Season,Turf,Red_Blade,Red,Porphyra,Core_T
37.mzML,NA,NA,6_2_2022,Damariscove_Island,NA,NA,NA,NA,NA,NA,NA,Tissue,June,Early_Season,Turf,Kelp,Brown,Laminaria_digitata,Core_T
38.mzML,NA,NA,8_16_2022,Halfway_Rock,NA,NA,NA,NA,NA,NA,NA,Tissue,August,Late_Season,Turf,Red_Blade,Red,Chondrus_crispus,Core_T
39.mzML,NA,NA,6_2_2022,Damariscove_Island,NA,NA,NA,NA,NA,NA,NA,Tissue,June,Early_Season,Turf,Kelp,Brown,Alaria_esculenta,Core_T
40.mzML,NA,NA,6_2_2022,Damariscove_Island,NA,NA,NA,NA,NA,NA,NA,Tissue,June,Early_Season,Turf,Green_Blade,Green,Ulva,Core_T
41.mzML,NA,NA,6_16_2022,Little_Drisko,NA,NA,NA,NA,NA,NA,NA,Tissue,June,Early_Season,Kelp,Coralline,Red,Corallina_officinalis,Core_T
42.mzML,NA,NA,6_2_2022,Damariscove_Island,NA,NA,NA,NA,NA,NA,NA,Tissue,June,Early_Season,Turf,Coralline,Red,Corallina_officinalis,Core_T
43.mzML,NA,NA,6_14_2022,Ram_Island,NA,NA,NA,NA,NA,NA,NA,Tissue,June,Early_Season,Kelp,Red_Blade,Red,Euthora_cristata,Core_T
44.mzML,NA,NA,6_16_2022,Little_Drisko,NA,NA,NA,NA,NA,NA,NA,Tissue,June,Early_Season,Kelp,Red_Blade,Red,Chondrus_crispus,Core_T
45.mzML,NA,NA,6_2_2022,Damariscove_Island,NA,NA,NA,NA,NA,NA,NA,Tissue,June,Early_Season,Turf,Red_Filament,Red,Polysiphonia_stricta,Core_T
46.mzML,NA,NA,6_2_2022,Damariscove_Island,NA,NA,NA,NA,NA,NA,NA,Tissue,June,Early_Season,Turf,Red_Filament,Red,Dasysiponia_japonica,Core_T
47.mzML,NA,NA,6_2_2022,Damariscove_Island,NA,NA,NA,NA,NA,NA,NA,Tissue,June,Early_Season,Turf,Red_Blade,Red,Chondrus_crispus,Core_T
48.mzML,NA,NA,6_2_2022,Damariscove_Island,NA,NA,NA,NA,NA,NA,NA,Tissue,June,Early_Season,Turf,Red_Filament,Red,Bonnemaisonia_hamifera,Core_T
49.mzML,NA,NA,6_2_2022,Damariscove_Island,NA,NA,NA,NA,NA,NA,NA,Tissue,June,Early_Season,Turf,Desmerestia,Brown,Desmerestia_viridis,Core_T
4E.mzML,NA,NA,4_27_2022,Damariscove_Island,NA,NA,NA,NA,NA,NA,NA,Tissue,April,NA,NA,Kelp,Brown,Sacchrina_latissima,Core_T
50.mzML,NA,NA,8_16_2022,Halfway_Rock,NA,NA,NA,NA,NA,NA,NA,Tissue,August,Late_Season,Turf,Kelp,Brown,Sacchrina_latissima,Core_T
51.mzML,NA,NA,8_19_2022,Damariscove_Island,NA,NA,NA,NA,NA,NA,NA,Tissue,August,Late_Season,Turf,Red_Filament,Red,Dasysiponia_japonica,Core_T
52.mzML,NA,NA,8_22_2022,Allen_Island,NA,NA,NA,NA,NA,NA,NA,Tissue,August,Late_Season,Turf,Kelp,Brown,Laminaria_digitata,Core_T
53.mzML,NA,NA,6_2_2022,Damariscove_Island,NA,NA,NA,NA,NA,NA,NA,Tissue,June,Early_Season,Turf,Kelp,Brown,Agarum_clathrathum,Core_T
54.mzML,NA,NA,8_28_2022,Ram_Island,NA,NA,NA,NA,NA,NA,NA,Tissue,August,Late_Season,Kelp,Coralline,Red,Corallina_officinalis,Core_T
55.mzML,NA,NA,8_16_2022,Halfway_Rock,NA,NA,NA,NA,NA,NA,NA,Tissue,August,Late_Season,Turf,Green_Blade,Green,Ulva,Core_T
57.mzML,NA,NA,8_29_2022,Crumple,NA,NA,NA,NA,NA,NA,NA,Tissue,August,Late_Season,Kelp,Kelp,Brown,Sacchrina_latissima,Core_T
59.mzML,NA,NA,6_16_2022,Little_Drisko,NA,NA,NA,NA,NA,NA,NA,Tissue,June,Early_Season,Kelp,Kelp,Brown,Laminaria_digitata,Core_T
5E.mzML,NA,NA,4_25_2022,Allen_Island,NA,NA,NA,NA,NA,NA,NA,Tissue,April,NA,NA,Kelp,Brown,Sacchrina_latissima,Core_T
60.mzML,NA,NA,6_16_2022,Little_Drisko,NA,NA,NA,NA,NA,NA,NA,Tissue,June,Early_Season,Kelp,Red_Blade,Red,Phycodrys_rubens,Core_T
61.mzML,NA,NA,8_16_2022,Halfway_Rock,NA,NA,NA,NA,NA,NA,NA,Tissue,August,Late_Season,Turf,Red_Blade,Red,Porphyra,Core_T
62.mzML,NA,NA,6_14_2022,Ram_Island,NA,NA,NA,NA,NA,NA,NA,Tissue,June,Early_Season,Kelp,Red_Tube,Red,GCA,Core_T
63.mzML,NA,NA,8_22_2022,Allen_Island,NA,NA,NA,NA,NA,NA,NA,Tissue,August,Late_Season,Turf,Kelp,Brown,Sacchrina_latissima,Core_T
64.mzML,NA,NA,6_15_2022,Crumple,NA,NA,NA,NA,NA,NA,NA,Tissue,June,Early_Season,Kelp,Kelp,Brown,Sacchrina_latissima,Core_T
65.mzML,NA,NA,6_15_2022,Crumple,NA,NA,NA,NA,NA,NA,NA,Tissue,June,Early_Season,Kelp,Kelp,Brown,Laminaria_digitata,Core_T
66.mzML,NA,NA,6_16_2022,Little_Drisko,NA,NA,NA,NA,NA,NA,NA,Tissue,June,Early_Season,Kelp,Red_Blade,Red,Euthora_cristata,Core_T
68.mzML,NA,NA,8_28_2022,Ram_Island,NA,NA,NA,NA,NA,NA,NA,Tissue,August,Late_Season,Kelp,Kelp,Brown,Sacchrina_latissima,Core_T
69.mzML,NA,NA,6_15_2022,Crumple,NA,NA,NA,NA,NA,NA,NA,Tissue,June,Early_Season,Kelp,Red_Filament,Red,Polysiphonia_stricta,Core_T
70.mzML,NA,NA,8_16_2022,Halfway_Rock,NA,NA,NA,NA,NA,NA,NA,Tissue,August,Late_Season,Turf,Red_Filament,Red,Dasysiponia_japonica,Core_T
71.mzML,NA,NA,6_14_2022,Ram_Island,NA,NA,NA,NA,NA,NA,NA,Tissue,June,Early_Season,Kelp,Coralline,Red,Corallina_officinalis,Core_T
72.mzML,NA,NA,6_15_2022,Crumple,NA,NA,NA,NA,NA,NA,NA,Tissue,June,Early_Season,Kelp,Kelp,Brown,Alaria_esculenta,Core_T
73.mzML,NA,NA,6_16_2022,Little_Drisko,NA,NA,NA,NA,NA,NA,NA,Tissue,June,Early_Season,Kelp,Kelp,Brown,Sacchrina_latissima,Core_T
74.mzML,NA,NA,8_28_2022,Ram_Island,NA,NA,NA,NA,NA,NA,NA,Tissue,August,Late_Season,Kelp,Red_Tube,Red,Polyides,Core_T
75.mzML,NA,NA,6_16_2022,Little_Drisko,NA,NA,NA,NA,NA,NA,NA,Tissue,June,Early_Season,Kelp,Red_Tube,Red,GCA,Core_T
76.mzML,NA,NA,6_15_2022,Crumple,NA,NA,NA,NA,NA,NA,NA,Tissue,June,Early_Season,Kelp,Kelp,Brown,Agarum_clathrathum,Core_T
77.mzML,NA,NA,8_19_2022,Damariscove_Island,NA,NA,NA,NA,NA,NA,NA,Tissue,August,Late_Season,Turf,Kelp,Brown,Laminaria_digitata,Core_T
78.mzML,NA,NA,6_15_2022,Crumple,NA,NA,NA,NA,NA,NA,NA,Tissue,June,Early_Season,Kelp,Red_Filament,Red,Ceramium,Core_T
79.mzML,NA,NA,6_16_2022,Little_Drisko,NA,NA,NA,NA,NA,NA,NA,Tissue,June,Early_Season,Kelp,Kelp,Brown,Agarum_clathrathum,Core_T
80.mzML,NA,NA,6_14_2022,Ram_Island,NA,NA,NA,NA,NA,NA,NA,Tissue,June,Early_Season,Kelp,Red_Blade,Red,Phycodrys_rubens,Core_T
81.mzML,NA,NA,8_16_2022,Halfway_Rock,NA,NA,NA,NA,NA,NA,NA,Tissue,August,Late_Season,Turf,Coralline,Red,Corallina_officinalis,Core_T
82.mzML,NA,NA,8_19_2022,Damariscove_Island,NA,NA,NA,NA,NA,NA,NA,Tissue,August,Late_Season,Turf,Desmerestia,Brown,Desmerestia_aculeata,Core_T
83.mzML,NA,NA,8_22_2022,Allen_Island,NA,NA,NA,NA,NA,NA,NA,Tissue,August,Late_Season,Unknown,Unknown,Unknown,Unknown,Core_T
84.mzML,NA,NA,8_28_2022,Ram_Island,NA,NA,NA,NA,NA,NA,NA,Tissue,August,Late_Season,Kelp,Green,Green,Cheatomorpha,Core_T
85.mzML,NA,NA,6_14_2022,Ram_Island,NA,NA,NA,NA,NA,NA,NA,Tissue,June,Early_Season,Kelp,Red_Blade,Red,Chondrus_crispus,Core_T
86.mzML,NA,NA,8_19_2022,Damariscove_Island,NA,NA,NA,NA,NA,NA,NA,Tissue,August,Late_Season,Turf,Kelp,Brown,Sacchrina_latissima,Core_T
86E.mzML,NA,NA,8_25_2022,Metinic,NA,NA,NA,NA,NA,NA,NA,Tissue,August,NA,NA,Kelp,Brown,Laminaria_digitata,Core_T
87.mzML,NA,NA,6_15_2022,Crumple,NA,NA,NA,NA,NA,NA,NA,Tissue,June,Early_Season,Kelp,Red_Blade,Red,Palmaria_palmata,Core_T
87E.mzML,NA,NA,6_29_2022,Allen_Island,NA,NA,NA,NA,NA,NA,NA,Tissue,June,NA,NA,Kelp,Brown,Laminaria_digitata,Core_T
88.mzML,NA,NA,9_8_2022,Isle_Au_Haute,NA,NA,NA,NA,NA,NA,NA,Tissue,September,Late_Season,Turf,Red_Filament,Red,Dasysiponia_japonica,Core_T
89.mzML,NA,NA,8_19_2022,Damariscove_Island,NA,NA,NA,NA,NA,NA,NA,Tissue,August,Late_Season,Turf,Red_Blade,Red,Chondrus_crispus,Core_T
8E.mzML,NA,NA,4_27_2022,Damariscove_Island,NA,NA,NA,NA,NA,NA,NA,Tissue,April,NA,NA,Red_Blade,Red,Chondrus_crispus,Core_T
90.mzML,NA,NA,8_16_2022,Halfway_Rock,NA,NA,NA,NA,NA,NA,NA,Tissue,August,Late_Season,Turf,Kelp,Brown,Alaria_esculenta,Core_T
91.mzML,NA,NA,8_22_2022,Allen_Island,NA,NA,NA,NA,NA,NA,NA,Tissue,August,Late_Season,Turf,Desmerestia,Brown,Desmerestia_aculeata,Core_T
92.mzML,NA,NA,8_22_2022,Allen_Island,NA,NA,NA,NA,NA,NA,NA,Tissue,August,Late_Season,Turf,Red_Blade,Red,Palmaria_palmata,Core_T
93.mzML,NA,NA,6_14_2022,Ram_Island,NA,NA,NA,NA,NA,NA,NA,Tissue,June,Early_Season,Kelp,Kelp,Brown,Agarum_clathrathum,Core_T
93E.mzML,NA,NA,6_29_2022,Allen_Island,NA,NA,NA,NA,NA,NA,NA,Tissue,June,NA,NA,Red_Blade,Red,Chondrus_crispus,Core_T
94.mzML,NA,NA,6_15_2022,Crumple,NA,NA,NA,NA,NA,NA,NA,Tissue,June,Early_Season,Kelp,Red_Filament,Red,Rhodomela,Core_T
94E.mzML,NA,NA,6_29_2022,Allen_Island,NA,NA,NA,NA,NA,NA,NA,Tissue,June,NA,NA,Red_Filament,Red,Dasysiponia_japonica,Core_T
95.mzML,NA,NA,8_16_2022,Halfway_Rock,NA,NA,NA,NA,NA,NA,NA,Tissue,August,Late_Season,Turf,Red_Filament,Red,Ceramium,Core_T
96E.mzML,NA,NA,6_29_2022,Metinic,NA,NA,NA,NA,NA,NA,NA,Tissue,June,NA,NA,Red_Blade,Red,Chondrus_crispus,Core_T
Tray_3_P_103.mzML,Tray3,177,6_15_2022,Crumple,12,Bottle,750,P_103,10,1,na,Water,June,Early_Summer,Kelp,NA,NA,NA,Core_W
Tray_3_P_104.mzML,Tray3,178,6_15_2022,Crumple,2,Bottle,720,P_104,15,2,na,Water,June,Early_Summer,Kelp,NA,NA,NA,Core_W
Tray_3_P_105.mzML,Tray3,158,6_15_2022,Crumple,11,Bottle,750,P_105,30,5,na,Water,June,Early_Summer,Kelp,NA,NA,NA,Core_W
Tray_3_P_106.mzML,Tray3,136,6_15_2022,Crumple,7,Bottle,720,P_106,20,3,na,Water,June,Early_Summer,Kelp,NA,NA,NA,Core_W
Tray_3_P_107.mzML,Tray3,153,6_15_2022,Crumple,9,UWWCD,1000,P_107,10,1,na,Water,June,Early_Summer,Kelp,NA,NA,NA,Core_W
Tray_3_P_108.mzML,Tray3,148,6_15_2022,Crumple,13,UWWCD,1000,P_108,15,2,na,Water,June,Early_Summer,Kelp,NA,NA,NA,Core_W
Tray_3_P_109.mzML,Tray3,137,6_15_2022,Crumple,5,UWWCD,1000,P_109,20,3,na,Water,June,Early_Summer,Kelp,NA,NA,NA,Core_W
Tray_3_P_110.mzML,Tray3,133,6_15_2022,Crumple,8,UWWCD,1000,P_110,25,4,na,Water,June,Early_Summer,Kelp,NA,NA,NA,Core_W
Tray_3_P_111.mzML,Tray3,156,6_15_2022,Crumple,2,UWWCD,1000,P_111,30,5,na,Water,June,Early_Summer,Kelp,NA,NA,NA,Core_W
Tray_3_P_112.mzML,Tray3,180,6_15_2022,Crumple,12,UWWCD,1000,P_112,35,6,na,Water,June,Early_Summer,Kelp,NA,NA,NA,Core_W
Tray_3_P_114.mzML,Tray3,147,6_16_2022,Little_Drisko,6,Bottle,670,P_114,35,6,na,Water,June,Early_Summer,Kelp,NA,NA,NA,Core_W
Tray_3_P_115.mzML,Tray3,157,6_16_2022,Little_Drisko,7,Bottle,660,P_115,10,1,na,Water,June,Early_Summer,Kelp,NA,NA,NA,Core_W
Tray_3_P_116.mzML,Tray3,155,6_16_2022,Little_Drisko,4,Bottle,700,P_116,15,2,na,Water,June,Early_Summer,Kelp,NA,NA,NA,Core_W
Tray_3_P_117.mzML,Tray3,169,6_16_2022,Little_Drisko,14,Bottle,680,P_117,20,3,na,Water,June,Early_Summer,Kelp,NA,NA,NA,Core_W
Tray_3_P_118.mzML,Tray3,164,6_16_2022,Little_Drisko,8,Bottle,700,P_118,25,4,na,Water,June,Early_Summer,Kelp,NA,NA,NA,Core_W
Tray_3_P_119.mzML,Tray3,134,6_16_2022,Little_Drisko,No_Number,Bottle,720,P_119,30,5,na,Water,June,Early_Summer,Kelp,NA,NA,NA,Core_W
Tray_3_P_120.mzML,Tray3,138,6_16_2022,Little_Drisko,3,UWWCD,1000,P_120,35,6,na,Water,June,Early_Summer,Kelp,NA,NA,NA,Core_W
Tray_3_P_121.mzML,Tray3,170,6_16_2022,Little_Drisko,6,UWWCD,1000,P_121,20,3,na,Water,June,Early_Summer,Kelp,NA,NA,NA,Core_W
Tray_3_P_122.mzML,Tray3,131,6_16_2022,Little_Drisko,7,UWWCD,1000,P_122,10,1,na,Water,June,Early_Summer,Kelp,NA,NA,NA,Core_W
Tray_3_P_123.mzML,Tray3,150,6_16_2022,Little_Drisko,10,UWWCD,1000,P_123,25,4,na,Water,June,Early_Summer,Kelp,NA,NA,NA,Core_W
Tray_3_P_124.mzML,Tray3,172,6_16_2022,Little_Drisko,11,UWWCD,1000,P_124,30,5,na,Water,June,Early_Summer,Kelp,NA,NA,NA,Core_W
Tray_3_P_125.mzML,Tray3,132,6_16_2022,Little_Drisko,15,UWWCD,1000,P_125,15,2,na,Water,June,Early_Summer,Kelp,NA,NA,NA,Core_W
Tray1_P_46.mzML,Tray1,33,5_19_2022,Halfway_Rock,4,Bottle,680,P_46,35,6,na,Water,May,Early_Summer,Turf,NA,NA,NA,Core_W
Tray1_P_47.mzML,Tray1,13,5_19_2022,Halfway_Rock,5,Bottle,750,P_47,15,2,na,Water,May,Early_Summer,Turf,NA,NA,NA,Core_W
Tray1_P_48.mzML,Tray1,19,5_19_2022,Halfway_Rock,6,Bottle,700,P_48,30,5,na,Water,May,Early_Summer,Turf,NA,NA,NA,Core_W
Tray1_P_49.mzML,Tray1,41,5_19_2022,Halfway_Rock,7,Bottle,720,P_49,20,3,na,Water,May,Early_Summer,Turf,NA,NA,NA,Core_W
Tray1_P_50.mzML,Tray1,58,5_19_2022,Halfway_Rock,11,Bottle,700,P_50,25,4,na,Water,May,Early_Summer,Turf,NA,NA,NA,Core_W
Tray1_P_51.mzML,Tray1,32,5_19_2022,Halfway_Rock,12,Bottle,830,P_51,10,1,na,Water,May,Early_Summer,Turf,NA,NA,NA,Core_W
Tray1_P_52.mzML,Tray1,11,5_19_2022,Halfway_Rock,2,UWWCD,1000,P_52,35,6,na,Water,May,Early_Summer,Turf,NA,NA,NA,Core_W
Tray1_P_53.mzML,Tray1,8,5_19_2022,Halfway_Rock,8,UWWCD,1000,P_53,30,5,na,Water,May,Early_Summer,Turf,NA,NA,NA,Core_W
Tray1_P_54.mzML,Tray1,45,5_19_2022,Halfway_Rock,9,UWWCD,1000,P_54,25,4,na,Water,May,Early_Summer,Turf,NA,NA,NA,Core_W
Tray1_P_55.mzML,Tray1,23,5_19_2022,Halfway_Rock,11,UWWCD,1000,P_55,20,3,na,Water,May,Early_Summer,Turf,NA,NA,NA,Core_W
Tray1_P_56.mzML,Tray1,66,5_19_2022,Halfway_Rock,12,UWWCD,1000,P_56,15,2,na,Water,May,Early_Summer,Turf,NA,NA,NA,Core_W
Tray2_P_101.mzML,Tray2,84,6_15_2022,Crumple,13,Bottle,760,P_101,25,4,na,Water,June,Early_Summer,Kelp,NA,NA,NA,Core_W
Tray2_P_102.mzML,Tray2,102,6_15_2022,Crumple,6,Bottle,720,P_102,35,6,na,Water,June,Early_Summer,Kelp,NA,NA,NA,Core_W
Tray2_P_57.mzML,Tray2,68,5_19_2022,Halfway_Rock,13,UWWCD,1000,P_57,10,1,na,Water,May,Early_Summer,Turf,NA,NA,NA,Core_W
Tray2_P_59.mzML,Tray2,70,5_24_2022,Allen_Island,1,Bottle,810,P_59,30,5,na,Water,May,Early_Summer,Turf,NA,NA,NA,Core_W
Tray2_P_60.mzML,Tray2,78,5_24_2022,Allen_Island,4,Bottle,850,P_60,10,1,na,Water,May,Early_Summer,Turf,NA,NA,NA,Core_W
Tray2_P_61.mzML,Tray2,104,5_24_2022,Allen_Island,5,Bottle,810,P_61,35,6,na,Water,May,Early_Summer,Turf,NA,NA,NA,Core_W
Tray2_P_62.mzML,Tray2,110,5_24_2022,Allen_Island,7,Bottle,970,P_62,15,2,na,Water,May,Early_Summer,Turf,NA,NA,NA,Core_W
Tray2_P_63.mzML,Tray2,89,5_24_2022,Allen_Island,11,Bottle,830,P_63,25,4,na,Water,May,Early_Summer,Turf,NA,NA,NA,Core_W
Tray2_P_64.mzML,Tray2,112,5_24_2022,Allen_Island,12,Bottle,830,P_64,20,3,na,Water,May,Early_Summer,Turf,NA,NA,NA,Core_W
Tray2_P_65.mzML,Tray2,96,5_24_2022,Allen_Island,2,UWWCD,1000,P_65,20,3,na,Water,May,Early_Summer,Turf,NA,NA,NA,Core_W
Tray2_P_66.mzML,Tray2,85,5_24_2022,Allen_Island,12,UWWCD,1000,P_66,30,5,na,Water,May,Early_Summer,Turf,NA,NA,NA,Core_W
Tray2_P_67.mzML,Tray2,106,5_24_2022,Allen_Island,8,UWWCD,1000,P_67,15,2,na,Water,May,Early_Summer,Turf,NA,NA,NA,Core_W
Tray2_P_68.mzML,Tray2,92,5_24_2022,Allen_Island,9,UWWCD,1000,P_68,25,4,na,Water,May,Early_Summer,Turf,NA,NA,NA,Core_W
Tray2_P_69.mzML,Tray2,83,5_24_2022,Allen_Island,11,UWWCD,1000,P_69,35,6,na,Water,May,Early_Summer,Turf,NA,NA,NA,Core_W
Tray2_P_71.mzML,Tray2,103,6_2_2022,Damariscove_Island,1,Bottle,770,P_71,20,3,na,Water,June,Early_Summer,Turf,NA,NA,NA,Core_W
Tray2_P_72.mzML,Tray2,74,6_2_2022,Damariscove_Island,4,Bottle,760,P_72,15,2,na,Water,June,Early_Summer,Turf,NA,NA,NA,Core_W
Tray2_P_73.mzML,Tray2,69,6_2_2022,Damariscove_Island,5,Bottle,810,P_73,10,1,na,Water,June,Early_Summer,Turf,NA,NA,NA,Core_W
Tray2_P_74.mzML,Tray2,94,6_2_2022,Damariscove_Island,7,Bottle,720,P_74,30,5,na,Water,June,Early_Summer,Turf,NA,NA,NA,Core_W
Tray2_P_75.mzML,Tray2,93,6_2_2022,Damariscove_Island,11,Bottle,760,P_75,25,4,na,Water,June,Early_Summer,Turf,NA,NA,NA,Core_W
Tray2_P_76.mzML,Tray2,111,6_2_2022,Damariscove_Island,12,Bottle,770,P_76,35,6,na,Water,June,Early_Summer,Turf,NA,NA,NA,Core_W
Tray2_P_77.mzML,Tray2,71,6_2_2022,Damariscove_Island,2,UWWCD,1000,P_77,10,1,na,Water,June,Early_Summer,Turf,NA,NA,NA,Core_W
Tray2_P_78.mzML,Tray2,86,6_2_2022,Damariscove_Island,8,UWWCD,1000,P_78,20,3,na,Water,June,Early_Summer,Turf,NA,NA,NA,Core_W
Tray2_P_79.mzML,Tray2,108,6_2_2022,Damariscove_Island,9,UWWCD,1000,P_79,30,5,na,Water,June,Early_Summer,Turf,NA,NA,NA,Core_W
Tray2_P_80.mzML,Tray2,76,6_2_2022,Damariscove_Island,11,UWWCD,1000,P_80,35,6,na,Water,June,Early_Summer,Turf,NA,NA,NA,Core_W
Tray2_P_81.mzML,Tray2,109,6_2_2022,Damariscove_Island,12,UWWCD,1000,P_81,15,2,na,Water,June,Early_Summer,Turf,NA,NA,NA,Core_W
Tray2_P_82.mzML,Tray2,116,6_2_2022,Damariscove_Island,13,UWWCD,1000,P_82,25,4,na,Water,June,Early_Summer,Turf,NA,NA,NA,Core_W
Tray2_P_88.mzML,Tray2,95,6_14_2022,Ram_Island,1,Bottle,820,P_88,30,5,na,Water,June,Early_Summer,Kelp,NA,NA,NA,Core_W
Tray2_P_89.mzML,Tray2,90,6_14_2022,Ram_Island,5,Bottle,830,P_89,35,6,na,Water,June,Early_Summer,Kelp,NA,NA,NA,Core_W
Tray2_P_90.mzML,Tray2,73,6_14_2022,Ram_Island,No_Number,Bottle,820,P_90,25,4,na,Water,June,Early_Summer,Kelp,NA,NA,NA,Core_W
Tray2_P_91.mzML,Tray2,87,6_14_2022,Ram_Island,4,Bottle,840,P_91,10,1,na,Water,June,Early_Summer,Kelp,NA,NA,NA,Core_W
Tray2_P_92.mzML,Tray2,117,6_14_2022,Ram_Island,8,Bottle,820,P_92,20,3,na,Water,June,Early_Summer,Kelp,NA,NA,NA,Core_W
Tray2_P_93.mzML,Tray2,79,6_14_2022,Ram_Island,14,Bottle,810,P_93,15,2,na,Water,June,Early_Summer,Kelp,NA,NA,NA,Core_W
Tray2_P_94.mzML,Tray2,75,6_14_2022,Ram_Island,4,UWWCD,1000,P_94,20,3,na,Water,June,Early_Summer,Kelp,NA,NA,NA,Core_W
Tray2_P_95.mzML,Tray2,77,6_14_2022,Ram_Island,P5,UWWCD,1000,P_95,10,1,na,Water,June,Early_Summer,Kelp,NA,NA,NA,Core_W
Tray2_P_96.mzML,Tray2,105,6_14_2022,Ram_Island,P6,UWWCD,1000,P_96,25,4,na,Water,June,Early_Summer,Kelp,NA,NA,NA,Core_W
Tray2_P_97.mzML,Tray2,72,6_14_2022,Ram_Island,P1,UWWCD,1000,P_97,15,2,na,Water,June,Early_Summer,Kelp,NA,NA,NA,Core_W
Tray2_P_98.mzML,Tray2,115,6_14_2022,Ram_Island,P4,UWWCD,1000,P_98,35,6,na,Water,June,Early_Summer,Kelp,NA,NA,NA,Core_W
Tray2_P_99.mzML,Tray2,88,6_14_2022,Ram_Island,P12,UWWCD,1000,P_99,30,5,na,Water,June,Early_Summer,Kelp,NA,NA,NA,Core_W
Tray_5_P_253.mzML,Tray5,258,8_25_2022,Damariscove_Lake,22,Bottle,1000,P_253,Lake,Lake,1,Water,October,Lake,Lake,NA,NA,NA,Lake
Tray_5_P_254.mzML,Tray5,293,8_25_2022,Damariscove_Lake,7,Bottle,1000,P_254,Lake,Lake,2,Water,October,Lake,Lake,NA,NA,NA,Lake
Tray_5_P_255.mzML,Tray5,251,8_25_2022,Damariscove_Lake,25,Bottle,1000,P_255,Lake,Lake,3,Water,October,Lake,Lake,NA,NA,NA,Lake
Tray_5_P_256.mzML,Tray5,271,8_25_2022,Damariscove_Lake,Blank,Blank,300,P_256,Lake,Lake,na,Blank,October,Lake,Lake,NA,NA,NA,Lake
Tray_3_P_149.mzML,Tray3,152,8_16_2022,Halfway_Rock,11,Bottle,730,P_149,20,4,na,Water,August,Late_Summer,Turf,NA,NA,NA,Core_W
Tray_3_P_150.mzML,Tray3,130,8_16_2022,Halfway_Rock,4,Bottle,790,P_150,25,5,na,Water,August,Late_Summer,Turf,NA,NA,NA,Core_W
Tray_3_P_151.mzML,Tray3,176,8_16_2022,Halfway_Rock,14,Bottle,1000,P_151,5,1,na,Water,August,Late_Summer,Turf,NA,NA,NA,Core_W
Tray_3_P_152.mzML,Tray3,167,8_16_2022,Halfway_Rock,2,Bottle,770,P_152,30,6,na,Water,August,Late_Summer,Turf,NA,NA,NA,Core_W
Tray_3_P_153.mzML,Tray3,174,8_16_2022,Halfway_Rock,6,Bottle,750,P_153,15,3,na,Water,August,Late_Summer,Turf,NA,NA,NA,Core_W
Tray_3_P_154.mzML,Tray3,166,8_16_2022,Halfway_Rock,5,Bottle,790,P_154,10,2,na,Water,August,Late_Summer,Turf,NA,NA,NA,Core_W
Tray_3_P_155.mzML,Tray3,146,8_16_2022,Halfway_Rock,2,UWWCD,1000,P_155,5,1,na,Water,August,Late_Summer,Turf,NA,NA,NA,Core_W
Tray_3_P_156.mzML,Tray3,173,8_16_2022,Halfway_Rock,P1,UWWCD,1000,P_156,15,3,na,Water,August,Late_Summer,Turf,NA,NA,NA,Core_W
Tray_4_P_157.mzML,Tray4,204,8_16_2022,Halfway_Rock,10,UWWCD,1000,P_157,20,4,na,Water,August,Late_Summer,Turf,NA,NA,NA,Core_W
Tray_4_P_158.mzML,Tray4,242,8_16_2022,Halfway_Rock,15,UWWCD,1000,P_158,10,2,na,Water,August,Late_Summer,Turf,NA,NA,NA,Core_W
Tray_4_P_159.mzML,Tray4,244,8_16_2022,Halfway_Rock,8,UWWCD,1000,P_159,25,5,na,Water,August,Late_Summer,Turf,NA,NA,NA,Core_W
Tray_4_P_160.mzML,Tray4,241,8_16_2022,Halfway_Rock,11,UWWCD,1000,P_160,30,6,na,Water,August,Late_Summer,Turf,NA,NA,NA,Core_W
Tray_4_P_162.mzML,Tray4,235,8_19_2022,Damariscove_Island,7,Bottle,740,P_162,20,4,na,Water,August,Late_Summer,Turf,NA,NA,NA,Core_W
Tray_4_P_163.mzML,Tray4,192,8_19_2022,Damariscove_Island,8,Bottle,770,P_163,10,2,na,Water,August,Late_Summer,Turf,NA,NA,NA,Core_W
Tray_4_P_164.mzML,Tray4,231,8_19_2022,Damariscove_Island,No_Number,Bottle,790,P_164,25,5,na,Water,August,Late_Summer,Turf,NA,NA,NA,Core_W
Tray_4_P_165.mzML,Tray4,220,8_19_2022,Damariscove_Island,5,Bottle,790,P_165,15,3,na,Water,August,Late_Summer,Turf,NA,NA,NA,Core_W
Tray_4_P_166.mzML,Tray4,243,8_19_2022,Damariscove_Island,2,Bottle,760,P_166,30,6,na,Water,August,Late_Summer,Turf,NA,NA,NA,Core_W
Tray_4_P_167.mzML,Tray4,197,8_19_2022,Damariscove_Island,11,Bottle,720,P_167,5,1,na,Water,August,Late_Summer,Turf,NA,NA,NA,Core_W
Tray_4_P_168.mzML,Tray4,222,8_19_2022,Damariscove_Island,p5,UWWCD,1000,P_168,15,3,na,Water,August,Late_Summer,Turf,NA,NA,NA,Core_W
Tray_4_P_169.mzML,Tray4,214,8_19_2022,Damariscove_Island,4,UWWCD,1000,P_169,20,4,na,Water,August,Late_Summer,Turf,NA,NA,NA,Core_W
Tray_4_P_170.mzML,Tray4,233,8_19_2022,Damariscove_Island,5,UWWCD,1000,P_170,25,5,na,Water,August,Late_Summer,Turf,NA,NA,NA,Core_W
Tray_4_P_171.mzML,Tray4,215,8_19_2022,Damariscove_Island,6,UWWCD,1000,P_171,30,6,na,Water,August,Late_Summer,Turf,NA,NA,NA,Core_W
Tray_4_P_172.mzML,Tray4,227,8_19_2022,Damariscove_Island,9,UWWCD,1000,P_172,5,1,na,Water,August,Late_Summer,Turf,NA,NA,NA,Core_W
Tray_4_P_173.mzML,Tray4,209,8_19_2022,Damariscove_Island,p12,UWWCD,1000,P_173,10,2,na,Water,August,Late_Summer,Turf,NA,NA,NA,Core_W
Tray_4_P_175.mzML,Tray4,238,8_22_2022,Allen_Island,13,Bottle,840,P_175,10,2,na,Water,August,Late_Summer,Turf,NA,NA,NA,Core_W
Tray_4_P_176.mzML,Tray4,194,8_22_2022,Allen_Island,4,Bottle,830,P_176,25,5,na,Water,August,Late_Summer,Turf,NA,NA,NA,Core_W
Tray_4_P_177.mzML,Tray4,198,8_22_2022,Allen_Island,6,Bottle,820,P_177,30,6,na,Water,August,Late_Summer,Turf,NA,NA,NA,Core_W
Tray_4_P_178.mzML,Tray4,216,8_22_2022,Allen_Island,1,Bottle,850,P_178,20,4,na,Water,August,Late_Summer,Turf,NA,NA,NA,Core_W
Tray_4_P_179.mzML,Tray4,203,8_22_2022,Allen_Island,14,Bottle,840,P_179,5,1,na,Water,August,Late_Summer,Turf,NA,NA,NA,Core_W
Tray_4_P_180.mzML,Tray4,208,8_22_2022,Allen_Island,8,Bottle,850,P_180,15,3,na,Water,August,Late_Summer,Turf,NA,NA,NA,Core_W
Tray_4_P_181.mzML,Tray4,201,8_22_2022,Allen_Island,15,UWWCD,1000,P_181,25,5,na,Water,August,Late_Summer,Turf,NA,NA,NA,Core_W
Tray_4_P_182.mzML,Tray4,232,8_22_2022,Allen_Island,p3,UWWCD,1000,P_182,5,1,na,Water,August,Late_Summer,Turf,NA,NA,NA,Core_W
Tray_4_P_183.mzML,Tray4,224,8_22_2022,Allen_Island,2,UWWCD,1000,P_183,30,6,na,Water,August,Late_Summer,Turf,NA,NA,NA,Core_W
Tray_4_P_184.mzML,Tray4,236,8_22_2022,Allen_Island,p1,UWWCD,1000,P_184,10,2,na,Water,August,Late_Summer,Turf,NA,NA,NA,Core_W
Tray_4_P_185.mzML,Tray4,219,8_22_2022,Allen_Island,p4,UWWCD,1000,P_185,15,3,na,Water,August,Late_Summer,Turf,NA,NA,NA,Core_W
Tray_4_P_186.mzML,Tray4,237,8_22_2022,Allen_Island,p6,UWWCD,1000,P_186,20,4,na,Water,August,Late_Summer,Turf,NA,NA,NA,Core_W
Tray_4_P_188.mzML,Tray4,196,8_28_2022,Ram_Island,13,Bottle,730,P_188,20,4,na,Water,August,Late_Summer,Kelp,NA,NA,NA,Core_W
Tray_4_P_189.mzML,Tray4,195,8_28_2022,Ram_Island,5,Bottle,680,P_189,15,3,na,Water,August,Late_Summer,Kelp,NA,NA,NA,Core_W
Tray_4_P_190.mzML,Tray4,240,8_28_2022,Ram_Island,7,Bottle,720,P_190,25,5,na,Water,August,Late_Summer,Kelp,NA,NA,NA,Core_W
Tray_4_P_191.mzML,Tray4,210,8_28_2022,Ram_Island,26,Bottle,720,P_191,5,1,na,Water,August,Late_Summer,Kelp,NA,NA,NA,Core_W
Tray_4_P_192.mzML,Tray4,225,8_28_2022,Ram_Island,11,Bottle,680,P_192,30,6,na,Water,August,Late_Summer,Kelp,NA,NA,NA,Core_W
Tray_4_P_193.mzML,Tray4,191,8_28_2022,Ram_Island,14,Bottle,750,P_193,10,2,na,Water,August,Late_Summer,Kelp,NA,NA,NA,Core_W
Tray_4_P_194.mzML,Tray4,212,8_28_2022,Ram_Island,7,UWWCD,1000,P_194,20,4,na,Water,August,Late_Summer,Kelp,NA,NA,NA,Core_W
Tray_4_P_195.mzML,Tray4,202,8_28_2022,Ram_Island,12,UWWCD,1000,P_195,15,3,na,Water,August,Late_Summer,Kelp,NA,NA,NA,Core_W
Tray_4_P_196.mzML,Tray4,193,8_28_2022,Ram_Island,p3,UWWCD,1000,P_196,25,5,na,Water,August,Late_Summer,Kelp,NA,NA,NA,Core_W
Tray_4_P_197.mzML,Tray4,213,8_28_2022,Ram_Island,13,UWWCD,1000,P_197,5,1,na,Water,August,Late_Summer,Kelp,NA,NA,NA,Core_W
Tray_4_P_198.mzML,Tray4,234,8_28_2022,Ram_Island,1,UWWCD,1000,P_198,30,6,na,Water,August,Late_Summer,Kelp,NA,NA,NA,Core_W
Tray_4_P_199.mzML,Tray4,218,8_28_2022,Ram_Island,11,UWWCD,1000,P_199,10,2,na,Water,August,Late_Summer,Kelp,NA,NA,NA,Core_W
Tray_4_P_201.mzML,Tray4,217,8_29_2022,Crumple,22,Bottle,960,P_201,15,3,na,Water,August,Late_Summer,Kelp,NA,NA,NA,Core_W
Tray_4_P_202.mzML,Tray4,211,8_29_2022,Crumple,8,Bottle,840,P_202,20,4,na,Water,August,Late_Summer,Kelp,NA,NA,NA,Core_W
Tray_4_P_203.mzML,Tray4,189,8_29_2022,Crumple,12,Bottle,840,P_203,10,2,na,Water,August,Late_Summer,Kelp,NA,NA,NA,Core_W
Tray_4_P_204.mzML,Tray4,223,8_29_2022,Crumple,6,Bottle,820,P_204,30,6,na,Water,August,Late_Summer,Kelp,NA,NA,NA,Core_W
Tray_4_P_205.mzML,Tray4,190,8_29_2022,Crumple,23,Bottle,930,P_205,5,1,na,Water,August,Late_Summer,Kelp,NA,NA,NA,Core_W
Tray_4_P_206.mzML,Tray4,226,8_29_2022,Crumple,24,Bottle,1000,P_206,25,5,na,Water,August,Late_Summer,Kelp,NA,NA,NA,Core_W
Tray_4_P_207.mzML,Tray4,199,8_29_2022,Crumple,p4,UWWCD,1000,P_207,20,4,na,Water,August,Late_Summer,Kelp,NA,NA,NA,Core_W
Tray_4_P_208.mzML,Tray4,221,8_29_2022,Crumple,8,UWWCD,1000,P_208,10,2,na,Water,August,Late_Summer,Kelp,NA,NA,NA,Core_W
Tray_4_P_209.mzML,Tray4,200,8_29_2022,Crumple,2,UWWCD,1000,P_209,30,6,na,Water,August,Late_Summer,Kelp,NA,NA,NA,Core_W
Tray_4_P_210.mzML,Tray4,239,8_29_2022,Crumple,p1,UWWCD,1000,P_210,5,1,na,Water,August,Late_Summer,Kelp,NA,NA,NA,Core_W
Tray_5_P_211.mzML,Tray5,248,8_29_2022,Crumple,p6,UWWCD,1000,P_211,25,5,na,Water,August,Late_Summer,Kelp,NA,NA,NA,Core_W
Tray_5_P_212.mzML,Tray5,250,8_29_2022,Crumple,15,UWWCD,1000,P_212,15,3,na,Water,August,Late_Summer,Kelp,NA,NA,NA,Core_W
Tray_5_P_214.mzML,Tray5,285,9_1_2022,Little_Drisko,4,Bottle,820,P_214,25,5,na,Water,September,Late_Summer,Kelp,NA,NA,NA,Core_W
Tray_5_P_215.mzML,Tray5,266,9_1_2022,Little_Drisko,20,Bottle,840,P_215,5,1,na,Water,September,Late_Summer,Kelp,NA,NA,NA,Core_W
Tray_5_P_216.mzML,Tray5,257,9_1_2022,Little_Drisko,24,Bottle,840,P_216,20,4,na,Water,September,Late_Summer,Kelp,NA,NA,NA,Core_W
Tray_5_P_217.mzML,Tray5,276,9_1_2022,Little_Drisko,22,Bottle,830,P_217,30,6,na,Water,September,Late_Summer,Kelp,NA,NA,NA,Core_W
Tray_5_P_218.mzML,Tray5,260,9_1_2022,Little_Drisko,21,Bottle,840,P_218,15,3,na,Water,September,Late_Summer,Kelp,NA,NA,NA,Core_W
Tray_5_P_219.mzML,Tray5,275,9_1_2022,Little_Drisko,1,Bottle,800,P_219,10,2,na,Water,September,Late_Summer,Kelp,NA,NA,NA,Core_W
Tray_5_P_220.mzML,Tray5,265,9_1_2022,Little_Drisko,6,UWWCD,1000,P_220,10,2,na,Water,September,Late_Summer,Kelp,NA,NA,NA,Core_W
Tray_5_P_221.mzML,Tray5,263,9_1_2022,Little_Drisko,p5,UWWCD,1000,P_221,15,3,na,Water,September,Late_Summer,Kelp,NA,NA,NA,Core_W
Tray_5_P_222.mzML,Tray5,255,9_1_2022,Little_Drisko,5,UWWCD,1000,P_222,5,1,na,Water,September,Late_Summer,Kelp,NA,NA,NA,Core_W
Tray_5_P_223.mzML,Tray5,252,9_1_2022,Little_Drisko,p12,UWWCD,1000,P_223,20,4,na,Water,September,Late_Summer,Kelp,NA,NA,NA,Core_W
Tray_5_P_224.mzML,Tray5,284,9_1_2022,Little_Drisko,3,UWWCD,1000,P_224,25,5,na,Water,September,Late_Summer,Kelp,NA,NA,NA,Core_W
Tray_5_P_225.mzML,Tray5,272,9_1_2022,Little_Drisko,4,UWWCD,1000,P_225,30,6,na,Water,September,Late_Summer,Kelp,NA,NA,NA,Core_W
Tray_5_P_227.mzML,Tray5,277,9_8_2022,Isle_Au_Haute,13,Bottle,910,P_227,20,4,na,Water,September,Late_Summer,Turf,NA,NA,NA,Core_W
Tray_5_P_228.mzML,Tray5,249,9_8_2022,Isle_Au_Haute,25,Bottle,1000,P_228,30,6,na,Water,September,Late_Summer,Turf,NA,NA,NA,Core_W
Tray_5_P_229.mzML,Tray5,259,9_8_2022,Isle_Au_Haute,20,Bottle,990,P_229,15,3,na,Water,September,Late_Summer,Turf,NA,NA,NA,Core_W
Tray_5_P_230.mzML,Tray5,273,9_8_2022,Isle_Au_Haute,22,Bottle,1000,P_230,25,5,na,Water,September,Late_Summer,Turf,NA,NA,NA,Core_W
Tray_5_P_231.mzML,Tray5,281,9_8_2022,Isle_Au_Haute,14,Bottle,940,P_231,5,1,na,Water,September,Late_Summer,Turf,NA,NA,NA,Core_W
Tray_5_P_232.mzML,Tray5,290,9_8_2022,Isle_Au_Haute,7,Bottle,920,P_232,10,2,na,Water,September,Late_Summer,Turf,NA,NA,NA,Core_W
Tray_5_P_233.mzML,Tray5,278,9_8_2022,Isle_Au_Haute,2,UWWCD,1000,P_233,30,6,na,Water,September,Late_Summer,Turf,NA,NA,NA,Core_W
Tray_5_P_234.mzML,Tray5,254,9_8_2022,Isle_Au_Haute,13,UWWCD,1000,P_234,5,1,na,Water,September,Late_Summer,Turf,NA,NA,NA,Core_W
Tray_5_P_235.mzML,Tray5,297,9_8_2022,Isle_Au_Haute,12,UWWCD,1000,P_235,10,2,na,Water,September,Late_Summer,Turf,NA,NA,NA,Core_W
Tray_5_P_236.mzML,Tray5,296,9_8_2022,Isle_Au_Haute,1,UWWCD,1000,P_236,15,3,na,Water,September,Late_Summer,Turf,NA,NA,NA,Core_W
Tray_5_P_237.mzML,Tray5,295,9_8_2022,Isle_Au_Haute,8,UWWCD,1000,P_237,20,4,na,Water,September,Late_Summer,Turf,NA,NA,NA,Core_W
Tray_5_P_238.mzML,Tray5,282,9_8_2022,Isle_Au_Haute,4,UWWCD,1000,P_238,25,5,na,Water,September,Late_Summer,Turf,NA,NA,NA,Core_W
Pooled_QC_1_10uL.mzML,Tray1,6,Pooled_QC,Pooled_QC,Pooled_QC,Pooled_QC,Pooled_QC,Pooled_QC,Pooled_QC,Pooled_QC,Pooled_QC,Pooled_QC,Pooled_QC,Pooled_QC,Pooled_QC,Pooled_QC,Pooled_QC,Pooled_QC,Pooled_QC
Pooled_QC_1.mzML,Tray1,5,Pooled_QC,Pooled_QC,Pooled_QC,Pooled_QC,Pooled_QC,Pooled_QC,Pooled_QC,Pooled_QC,Pooled_QC,Pooled_QC,Pooled_QC,Pooled_QC,Pooled_QC,Pooled_QC,Pooled_QC,Pooled_QC,Pooled_QC
Pooled_QC_10.mzML,Tray4,207,Pooled_QC,Pooled_QC,Pooled_QC,Pooled_QC,Pooled_QC,Pooled_QC,Pooled_QC,Pooled_QC,Pooled_QC,Pooled_QC,Pooled_QC,Pooled_QC,Pooled_QC,Pooled_QC,Pooled_QC,Pooled_QC,Pooled_QC
Pooled_QC_11.mzML,Tray4,230,Pooled_QC,Pooled_QC,Pooled_QC,Pooled_QC,Pooled_QC,Pooled_QC,Pooled_QC,Pooled_QC,Pooled_QC,Pooled_QC,Pooled_QC,Pooled_QC,Pooled_QC,Pooled_QC,Pooled_QC,Pooled_QC,Pooled_QC
Pooled_QC_12.mzML,Tray4,247,Pooled_QC,Pooled_QC,Pooled_QC,Pooled_QC,Pooled_QC,Pooled_QC,Pooled_QC,Pooled_QC,Pooled_QC,Pooled_QC,Pooled_QC,Pooled_QC,Pooled_QC,Pooled_QC,Pooled_QC,Pooled_QC,Pooled_QC
Pooled_QC_13.mzML,Tray5,270,Pooled_QC,Pooled_QC,Pooled_QC,Pooled_QC,Pooled_QC,Pooled_QC,Pooled_QC,Pooled_QC,Pooled_QC,Pooled_QC,Pooled_QC,Pooled_QC,Pooled_QC,Pooled_QC,Pooled_QC,Pooled_QC,Pooled_QC
Pooled_QC_14.mzML,Tray5,288,Pooled_QC,Pooled_QC,Pooled_QC,Pooled_QC,Pooled_QC,Pooled_QC,Pooled_QC,Pooled_QC,Pooled_QC,Pooled_QC,Pooled_QC,Pooled_QC,Pooled_QC,Pooled_QC,Pooled_QC,Pooled_QC,Pooled_QC
Pooled_QC_15.mzML,Tray5,302,Pooled_QC,Pooled_QC,Pooled_QC,Pooled_QC,Pooled_QC,Pooled_QC,Pooled_QC,Pooled_QC,Pooled_QC,Pooled_QC,Pooled_QC,Pooled_QC,Pooled_QC,Pooled_QC,Pooled_QC,Pooled_QC,Pooled_QC
Pooled_QC_2.mzML,Tray1,22,Pooled_QC,Pooled_QC,Pooled_QC,Pooled_QC,Pooled_QC,Pooled_QC,Pooled_QC,Pooled_QC,Pooled_QC,Pooled_QC,Pooled_QC,Pooled_QC,Pooled_QC,Pooled_QC,Pooled_QC,Pooled_QC,Pooled_QC
Pooled_QC_3.mzML,Tray1,48,Pooled_QC,Pooled_QC,Pooled_QC,Pooled_QC,Pooled_QC,Pooled_QC,Pooled_QC,Pooled_QC,Pooled_QC,Pooled_QC,Pooled_QC,Pooled_QC,Pooled_QC,Pooled_QC,Pooled_QC,Pooled_QC,Pooled_QC
Pooled_QC_4.mzML,Tray2,82,Pooled_QC,Pooled_QC,Pooled_QC,Pooled_QC,Pooled_QC,Pooled_QC,Pooled_QC,Pooled_QC,Pooled_QC,Pooled_QC,Pooled_QC,Pooled_QC,Pooled_QC,Pooled_QC,Pooled_QC,Pooled_QC,Pooled_QC
Pooled_QC_5.mzML,Tray2,99,Pooled_QC,Pooled_QC,Pooled_QC,Pooled_QC,Pooled_QC,Pooled_QC,Pooled_QC,Pooled_QC,Pooled_QC,Pooled_QC,Pooled_QC,Pooled_QC,Pooled_QC,Pooled_QC,Pooled_QC,Pooled_QC,Pooled_QC
Pooled_QC_6.mzML,Tray2,121,Pooled_QC,Pooled_QC,Pooled_QC,Pooled_QC,Pooled_QC,Pooled_QC,Pooled_QC,Pooled_QC,Pooled_QC,Pooled_QC,Pooled_QC,Pooled_QC,Pooled_QC,Pooled_QC,Pooled_QC,Pooled_QC,Pooled_QC
Pooled_QC_7.mzML,Tray3,144,Pooled_QC,Pooled_QC,Pooled_QC,Pooled_QC,Pooled_QC,Pooled_QC,Pooled_QC,Pooled_QC,Pooled_QC,Pooled_QC,Pooled_QC,Pooled_QC,Pooled_QC,Pooled_QC,Pooled_QC,Pooled_QC,Pooled_QC
Pooled_QC_8.mzML,Tray3,163,Pooled_QC,Pooled_QC,Pooled_QC,Pooled_QC,Pooled_QC,Pooled_QC,Pooled_QC,Pooled_QC,Pooled_QC,Pooled_QC,Pooled_QC,Pooled_QC,Pooled_QC,Pooled_QC,Pooled_QC,Pooled_QC,Pooled_QC
Pooled_QC_9.mzML,Tray3,184,Pooled_QC,Pooled_QC,Pooled_QC,Pooled_QC,Pooled_QC,Pooled_QC,Pooled_QC,Pooled_QC,Pooled_QC,Pooled_QC,Pooled_QC,Pooled_QC,Pooled_QC,Pooled_QC,Pooled_QC,Pooled_QC,Pooled_QC
T_Pooled_QC_1.mzML,Pooled_QC,Pooled_QC,Pooled_QC,Pooled_QC,Pooled_QC,Pooled_QC,Pooled_QC,Pooled_QC,Pooled_QC,Pooled_QC,Pooled_QC,Pooled_QC,Pooled_QC,Pooled_QC,Pooled_QC,Pooled_QC,Pooled_QC,Pooled_QC,Pooled_QC
T_Pooled_QC_10.mzML,Pooled_QC,Pooled_QC,Pooled_QC,Pooled_QC,Pooled_QC,Pooled_QC,Pooled_QC,Pooled_QC,Pooled_QC,Pooled_QC,Pooled_QC,Pooled_QC,Pooled_QC,Pooled_QC,Pooled_QC,Pooled_QC,Pooled_QC,Pooled_QC,Pooled_QC
T_Pooled_QC_11.mzML,T_Pooled_QC,T_Pooled_QC,T_Pooled_QC,T_Pooled_QC,T_Pooled_QC,T_Pooled_QC,T_Pooled_QC,T_Pooled_QC,T_Pooled_QC,T_Pooled_QC,T_Pooled_QC,T_Pooled_QC,T_Pooled_QC,T_Pooled_QC,T_Pooled_QC,T_Pooled_QC,T_Pooled_QC,T_Pooled_QC,T_Pooled_QC
T_Pooled_QC_12.mzML,T_Pooled_QC,T_Pooled_QC,T_Pooled_QC,T_Pooled_QC,T_Pooled_QC,T_Pooled_QC,T_Pooled_QC,T_Pooled_QC,T_Pooled_QC,T_Pooled_QC,T_Pooled_QC,T_Pooled_QC,T_Pooled_QC,T_Pooled_QC,T_Pooled_QC,T_Pooled_QC,T_Pooled_QC,T_Pooled_QC,T_Pooled_QC
T_Pooled_QC_13.mzML,T_Pooled_QC,T_Pooled_QC,T_Pooled_QC,T_Pooled_QC,T_Pooled_QC,T_Pooled_QC,T_Pooled_QC,T_Pooled_QC,T_Pooled_QC,T_Pooled_QC,T_Pooled_QC,T_Pooled_QC,T_Pooled_QC,T_Pooled_QC,T_Pooled_QC,T_Pooled_QC,T_Pooled_QC,T_Pooled_QC,T_Pooled_QC
T_Pooled_QC_14.mzML,T_Pooled_QC,T_Pooled_QC,T_Pooled_QC,T_Pooled_QC,T_Pooled_QC,T_Pooled_QC,T_Pooled_QC,T_Pooled_QC,T_Pooled_QC,T_Pooled_QC,T_Pooled_QC,T_Pooled_QC,T_Pooled_QC,T_Pooled_QC,T_Pooled_QC,T_Pooled_QC,T_Pooled_QC,T_Pooled_QC,T_Pooled_QC
T_Pooled_QC_15.mzML,T_Pooled_QC,T_Pooled_QC,T_Pooled_QC,T_Pooled_QC,T_Pooled_QC,T_Pooled_QC,T_Pooled_QC,T_Pooled_QC,T_Pooled_QC,T_Pooled_QC,T_Pooled_QC,T_Pooled_QC,T_Pooled_QC,T_Pooled_QC,T_Pooled_QC,T_Pooled_QC,T_Pooled_QC,T_Pooled_QC,T_Pooled_QC
T_Pooled_QC_16.mzML,T_Pooled_QC,T_Pooled_QC,T_Pooled_QC,T_Pooled_QC,T_Pooled_QC,T_Pooled_QC,T_Pooled_QC,T_Pooled_QC,T_Pooled_QC,T_Pooled_QC,T_Pooled_QC,T_Pooled_QC,T_Pooled_QC,T_Pooled_QC,T_Pooled_QC,T_Pooled_QC,T_Pooled_QC,T_Pooled_QC,T_Pooled_QC
T_Pooled_QC_17.mzML,T_Pooled_QC,T_Pooled_QC,T_Pooled_QC,T_Pooled_QC,T_Pooled_QC,T_Pooled_QC,T_Pooled_QC,T_Pooled_QC,T_Pooled_QC,T_Pooled_QC,T_Pooled_QC,T_Pooled_QC,T_Pooled_QC,T_Pooled_QC,T_Pooled_QC,T_Pooled_QC,T_Pooled_QC,T_Pooled_QC,T_Pooled_QC
T_Pooled_QC_18.mzML,T_Pooled_QC,T_Pooled_QC,T_Pooled_QC,T_Pooled_QC,T_Pooled_QC,T_Pooled_QC,T_Pooled_QC,T_Pooled_QC,T_Pooled_QC,T_Pooled_QC,T_Pooled_QC,T_Pooled_QC,T_Pooled_QC,T_Pooled_QC,T_Pooled_QC,T_Pooled_QC,T_Pooled_QC,T_Pooled_QC,T_Pooled_QC
T_Pooled_QC_2.mzML,T_Pooled_QC,T_Pooled_QC,T_Pooled_QC,T_Pooled_QC,T_Pooled_QC,T_Pooled_QC,T_Pooled_QC,T_Pooled_QC,T_Pooled_QC,T_Pooled_QC,T_Pooled_QC,T_Pooled_QC,T_Pooled_QC,T_Pooled_QC,T_Pooled_QC,T_Pooled_QC,T_Pooled_QC,T_Pooled_QC,T_Pooled_QC
T_Pooled_QC_3.mzML,T_Pooled_QC,T_Pooled_QC,T_Pooled_QC,T_Pooled_QC,T_Pooled_QC,T_Pooled_QC,T_Pooled_QC,T_Pooled_QC,T_Pooled_QC,T_Pooled_QC,T_Pooled_QC,T_Pooled_QC,T_Pooled_QC,T_Pooled_QC,T_Pooled_QC,T_Pooled_QC,T_Pooled_QC,T_Pooled_QC,T_Pooled_QC
T_Pooled_QC_4.mzML,T_Pooled_QC,T_Pooled_QC,T_Pooled_QC,T_Pooled_QC,T_Pooled_QC,T_Pooled_QC,T_Pooled_QC,T_Pooled_QC,T_Pooled_QC,T_Pooled_QC,T_Pooled_QC,T_Pooled_QC,T_Pooled_QC,T_Pooled_QC,T_Pooled_QC,T_Pooled_QC,T_Pooled_QC,T_Pooled_QC,T_Pooled_QC
T_Pooled_QC_5.mzML,T_Pooled_QC,T_Pooled_QC,T_Pooled_QC,T_Pooled_QC,T_Pooled_QC,T_Pooled_QC,T_Pooled_QC,T_Pooled_QC,T_Pooled_QC,T_Pooled_QC,T_Pooled_QC,T_Pooled_QC,T_Pooled_QC,T_Pooled_QC,T_Pooled_QC,T_Pooled_QC,T_Pooled_QC,T_Pooled_QC,T_Pooled_QC
T_Pooled_QC_6.mzML,T_Pooled_QC,T_Pooled_QC,T_Pooled_QC,T_Pooled_QC,T_Pooled_QC,T_Pooled_QC,T_Pooled_QC,T_Pooled_QC,T_Pooled_QC,T_Pooled_QC,T_Pooled_QC,T_Pooled_QC,T_Pooled_QC,T_Pooled_QC,T_Pooled_QC,T_Pooled_QC,T_Pooled_QC,T_Pooled_QC,T_Pooled_QC
T_Pooled_QC_7.mzML,T_Pooled_QC,T_Pooled_QC,T_Pooled_QC,T_Pooled_QC,T_Pooled_QC,T_Pooled_QC,T_Pooled_QC,T_Pooled_QC,T_Pooled_QC,T_Pooled_QC,T_Pooled_QC,T_Pooled_QC,T_Pooled_QC,T_Pooled_QC,T_Pooled_QC,T_Pooled_QC,T_Pooled_QC,T_Pooled_QC,T_Pooled_QC
T_Pooled_QC_8.mzML,T_Pooled_QC,T_Pooled_QC,T_Pooled_QC,T_Pooled_QC,T_Pooled_QC,T_Pooled_QC,T_Pooled_QC,T_Pooled_QC,T_Pooled_QC,T_Pooled_QC,T_Pooled_QC,T_Pooled_QC,T_Pooled_QC,T_Pooled_QC,T_Pooled_QC,T_Pooled_QC,T_Pooled_QC,T_Pooled_QC,T_Pooled_QC
T_Pooled_QC_9.mzML,T_Pooled_QC,T_Pooled_QC,T_Pooled_QC,T_Pooled_QC,T_Pooled_QC,T_Pooled_QC,T_Pooled_QC,T_Pooled_QC,T_Pooled_QC,T_Pooled_QC,T_Pooled_QC,T_Pooled_QC,T_Pooled_QC,T_Pooled_QC,T_Pooled_QC,T_Pooled_QC,T_Pooled_QC,T_Pooled_QC,T_Pooled_QC
Tray_3_P_127.mzML,Tray3,160,6_29_2022,Metinic_Island,8,Bottle,670,P_127,na,na,1,Water,June,Time_Series,Time_Series,NA,NA,NA,Time_Series_W
Tray_3_P_128.mzML,Tray3,165,6_29_2022,Metinic_Island,4,Bottle,680,P_128,na,na,2,Water,June,Time_Series,Time_Series,NA,NA,NA,Time_Series_W
Tray_3_P_129.mzML,Tray3,179,6_29_2022,Metinic_Island,6,Bottle,660,P_129,na,na,3,Water,June,Time_Series,Time_Series,NA,NA,NA,Time_Series_W
Tray_3_P_130.mzML,Tray3,168,6_29_2022,Allen_Island,7,Bottle,700,P_130,na,na,1,Water,June,Time_Series,Time_Series,NA,NA,NA,Time_Series_W
Tray_3_P_131.mzML,Tray3,154,6_29_2022,Allen_Island,2,Bottle,730,P_131,na,na,2,Water,June,Time_Series,Time_Series,NA,NA,NA,Time_Series_W
Tray_3_P_132.mzML,Tray3,141,6_29_2022,Allen_Island,12,Bottle,750,P_132,na,na,3,Water,June,Time_Series,Time_Series,NA,NA,NA,Time_Series_W
Tray_3_P_134.mzML,Tray3,129,7_7_2022,Damariscove_Island,4,Bottle,780,P_134,na,na,1,Water,July,Time_Series,Time_Series,NA,NA,NA,Time_Series_W
Tray_3_P_135.mzML,Tray3,151,7_7_2022,Damariscove_Island,12,Bottle,800,P_135,na,na,2,Water,July,Time_Series,Time_Series,NA,NA,NA,Time_Series_W
Tray_3_P_136.mzML,Tray3,145,7_7_2022,Damariscove_Island,7,Bottle,760,P_136,na,na,3,Water,July,Time_Series,Time_Series,NA,NA,NA,Time_Series_W
Tray_3_P_138.mzML,Tray3,175,7_14_2022,Halfway_Rock,6,Bottle,680,P_138,na,na,1,Water,July,Time_Series,Time_Series,NA,NA,NA,Time_Series_W
Tray_3_P_139.mzML,Tray3,149,7_14_2022,Halfway_Rock,11,Bottle,710,P_139,na,na,2,Water,July,Time_Series,Time_Series,NA,NA,NA,Time_Series_W
Tray_3_P_140.mzML,Tray3,171,7_14_2022,Halfway_Rock,12,Bottle,690,P_140,na,na,3,Water,July,Time_Series,Time_Series,NA,NA,NA,Time_Series_W
Tray_3_P_142.mzML,Tray3,128,7_27_2022,Allen_Island,4,Bottle,770,P_142,na,na,1,Water,July,Time_Series,Time_Series,NA,NA,NA,Time_Series_W
Tray_3_P_143.mzML,Tray3,159,7_27_2022,Allen_Island,13,Bottle,770,P_143,na,na,2,Water,July,Time_Series,Time_Series,NA,NA,NA,Time_Series_W
Tray_3_P_144.mzML,Tray3,140,7_27_2022,Allen_Island,5,Bottle,770,P_144,na,na,3,Water,July,Time_Series,Time_Series,NA,NA,NA,Time_Series_W
Tray_3_P_145.mzML,Tray3,135,7_27_2022,Metinic_Island,no_Number,Bottle,780,P_145,na,na,1,Water,July,Time_Series,Time_Series,NA,NA,NA,Time_Series_W
Tray_3_P_146.mzML,Tray3,181,7_27_2022,Metinic_Island,1,Bottle,770,P_146,na,na,2,Water,July,Time_Series,Time_Series,NA,NA,NA,Time_Series_W
Tray_3_P_147.mzML,Tray3,139,7_27_2022,Metinic_Island,2,Bottle,750,P_147,na,na,3,Water,July,Time_Series,Time_Series,NA,NA,NA,Time_Series_W
Tray_5_P_240.mzML,Tray5,280,9_13_2022,Damariscove_Island,25,Bottle,770,P_240,na,na,1,Water,September,Time_Series,Time_Series,NA,NA,NA,Time_Series_W
Tray_5_P_241.mzML,Tray5,298,9_13_2022,Damariscove_Island,14,Bottle,760,P_241,na,na,2,Water,September,Time_Series,Time_Series,NA,NA,NA,Time_Series_W
Tray_5_P_242.mzML,Tray5,253,9_13_2022,Damariscove_Island,22,Bottle,780,P_242,na,na,3,Water,September,Time_Series,Time_Series,NA,NA,NA,Time_Series_W
Tray_5_P_244.mzML,Tray5,274,9_16_2022,Halfway_Rock,20,Bottle,740,P_244,na,na,1,Water,September,Time_Series,Time_Series,NA,NA,NA,Time_Series_W
Tray_5_P_245.mzML,Tray5,292,9_16_2022,Halfway_Rock,13,Bottle,710,P_245,na,na,2,Water,September,Time_Series,Time_Series,NA,NA,NA,Time_Series_W
Tray_5_P_246.mzML,Tray5,267,9_16_2022,Halfway_Rock,7,Bottle,710,P_246,na,na,3,Water,September,Time_Series,Time_Series,NA,NA,NA,Time_Series_W
Tray_5_P_248.mzML,Tray5,289,5_24_2022,Allen_Island,13,UWWCD,1000,P_248,10,1,na,Water,October,Time_Series,Time_Series,NA,NA,NA,Time_Series_W
Tray_5_P_249.mzML,Tray5,256,8_25_2022,Metinic_Island,11,Bottle,720,P_249,na,na,1,Water,October,Time_Series,Time_Series,NA,NA,NA,Time_Series_W
Tray_5_P_250.mzML,Tray5,264,8_25_2022,Metinic_Island,5,Bottle,730,P_250,na,na,2,Water,October,Time_Series,Time_Series,NA,NA,NA,Time_Series_W
Tray_5_P_251.mzML,Tray5,262,8_25_2022,Metinic_Island,2,Bottle,740,P_251,na,na,3,Water,October,Time_Series,Time_Series,NA,NA,NA,Time_Series_W
Tray1_P_1.mzML,Tray1,56,3_10_2022,Allen_Island,2,Bottle,860,P_1,na,na,1,Water,March,Time_Series,Time_Series,NA,NA,NA,Time_Series_W
Tray1_P_13.mzML,Tray1,17,3_19_2022,Damariscove_Island,1,Bottle,860,P_13,na,na,1,Water,March,Time_Series,Time_Series,NA,NA,NA,Time_Series_W
Tray1_P_14.mzML,Tray1,59,3_19_2022,Damariscove_Island,5,Bottle,830,P_14,na,na,2,Water,March,Time_Series,Time_Series,NA,NA,NA,Time_Series_W
Tray1_P_15.mzML,Tray1,49,3_19_2022,Damariscove_Island,12,Bottle,810,P_15,na,na,3,Water,March,Time_Series,Time_Series,NA,NA,NA,Time_Series_W
Tray1_P_17.mzML,Tray1,29,4_13_2022,Metinic_Island,1,Bottle,660,P_17,na,na,1,Water,April,Time_Series,Time_Series,NA,NA,NA,Time_Series_W
Tray1_P_18.mzML,Tray1,9,4_13_2022,Metinic_Island,2,Bottle,650,P_18,na,na,2,Water,April,Time_Series,Time_Series,NA,NA,NA,Time_Series_W
Tray1_P_19.mzML,Tray1,53,4_13_2022,Metinic_Island,13,Bottle,680,P_19,na,na,3,Water,April,Time_Series,Time_Series,NA,NA,NA,Time_Series_W
Tray1_P_2.mzML,Tray1,7,3_10_2022,Allen_Island,6,Bottle,860,P_2,na,na,2,Water,March,Time_Series,Time_Series,NA,NA,NA,Time_Series_W
Tray1_P_21.mzML,Tray1,60,4_18_2022,Halfway_Rock,11,Bottle,730,P_21,na,na,na,Water,April,Time_Series,Time_Series,NA,NA,NA,Time_Series_W
Tray1_P_22.mzML,Tray1,55,4_18_2022,Halfway_Rock,14,Bottle,700,P_22,na,na,na,Water,April,Time_Series,Time_Series,NA,NA,NA,Time_Series_W
Tray1_P_23.mzML,Tray1,12,4_18_2022,Halfway_Rock,12,Bottle,690,P_23,na,na,na,Water,April,Time_Series,Time_Series,NA,NA,NA,Time_Series_W
Tray1_P_24.mzML,Tray1,26,4_18_2022,Halfway_Rock,6,Bottle,670,P_24,na,na,na,Water,April,Time_Series,Time_Series,NA,NA,NA,Time_Series_W
Tray1_P_25.mzML,Tray1,51,4_18_2022,Halfway_Rock,No_Number,Bottle,670,P_25,na,na,na,Water,April,Time_Series,Time_Series,NA,NA,NA,Time_Series_W
Tray1_P_26.mzML,Tray1,35,4_18_2022,Halfway_Rock,5,Bottle,690,P_26,na,na,na,Water,April,Time_Series,Time_Series,NA,NA,NA,Time_Series_W
Tray1_P_27.mzML,Tray1,30,4_18_2022,Halfway_Rock,4,UWWCD,1000,P_27,na,na,na,Water,April,Time_Series,Time_Series,NA,NA,NA,Time_Series_W
Tray1_P_28.mzML,Tray1,62,4_18_2022,Halfway_Rock,1,UWWCD,1000,P_28,na,na,na,Water,April,Time_Series,Time_Series,NA,NA,NA,Time_Series_W
Tray1_P_29.mzML,Tray1,37,4_18_2022,Halfway_Rock,7,UWWCD,1000,P_29,na,na,na,Water,April,Time_Series,Time_Series,NA,NA,NA,Time_Series_W
Tray1_P_3.mzML,Tray1,28,3_10_2022,Allen_Island,1,Bottle,860,P_3,na,na,3,Water,March,Time_Series,Time_Series,NA,NA,NA,Time_Series_W
Tray1_P_30.mzML,Tray1,15,4_18_2022,Halfway_Rock,5,UWWCD,1000,P_30,na,na,na,Water,April,Time_Series,Time_Series,NA,NA,NA,Time_Series_W
Tray1_P_31.mzML,Tray1,36,4_18_2022,Halfway_Rock,2,UWWCD,1000,P_31,na,na,na,Water,April,Time_Series,Time_Series,NA,NA,NA,Time_Series_W
Tray1_P_32.mzML,Tray1,27,4_18_2022,Halfway_Rock,3,UWWCD,1000,P_32,na,na,na,Water,April,Time_Series,Time_Series,NA,NA,NA,Time_Series_W
Tray1_P_34.mzML,Tray1,38,4_25_2022,Allen_Island,5,Bottle,850,P_34,na,na,1,Water,April,Time_Series,Time_Series,NA,NA,NA,Time_Series_W
Tray1_P_35.mzML,Tray1,40,4_25_2022,Allen_Island,12,Bottle,850,P_35,na,na,2,Water,April,Time_Series,Time_Series,NA,NA,NA,Time_Series_W
Tray1_P_36.mzML,Tray1,64,4_25_2022,Allen_Island,No_Number,Bottle,850,P_36,na,na,3,Water,April,Time_Series,Time_Series,NA,NA,NA,Time_Series_W
Tray1_P_38.mzML,Tray1,34,4_27_2022,Damariscove_Island,4,Bottle,730,P_38,na,na,1,Water,April,Time_Series,Time_Series,NA,NA,NA,Time_Series_W
Tray1_P_39.mzML,Tray1,31,4_27_2022,Damariscove_Island,7,Bottle,710,P_39,na,na,2,Water,April,Time_Series,Time_Series,NA,NA,NA,Time_Series_W
Tray1_P_4.mzML,Tray1,52,3_10_2022,Metinic_Island,5,Bottle,880,P_4,na,na,1,Water,March,Time_Series,Time_Series,NA,NA,NA,Time_Series_W
Tray1_P_40.mzML,Tray1,18,4_27_2022,Damariscove_Island,8,Bottle,700,P_40,na,na,3,Water,April,Time_Series,Time_Series,NA,NA,NA,Time_Series_W
Tray1_P_42.mzML,Tray1,42,5_16_2022,Metinic_Island,6,Bottle,790,P_42,na,na,1,Water,May,Time_Series,Time_Series,NA,NA,NA,Time_Series_W
Tray1_P_43.mzML,Tray1,63,5_16_2022,Metinic_Island,11,Bottle,800,P_43,na,na,2,Water,May,Time_Series,Time_Series,NA,NA,NA,Time_Series_W
Tray1_P_44.mzML,Tray1,65,5_16_2022,Metinic_Island,14,Bottle,800,P_44,na,na,3,Water,May,Time_Series,Time_Series,NA,NA,NA,Time_Series_W
Tray1_P_5.mzML,Tray1,44,3_10_2022,Metinic_Island,4,Bottle,860,P_5,na,na,2,Water,March,Time_Series,Time_Series,NA,NA,NA,Time_Series_W
Tray1_P_7.mzML,Tray1,43,3_11_2022,Halfway_Rock,8,Bottle,730,P_7,na,na,1,Water,March,Time_Series,Time_Series,NA,NA,NA,Time_Series_W
Tray1_P_8.mzML,Tray1,24,3_11_2022,Halfway_Rock,14,Bottle,740,P_8,na,na,2,Water,March,Time_Series,Time_Series,NA,NA,NA,Time_Series_W
Tray1_P_9.mzML,Tray1,57,3_11_2022,Halfway_Rock,11,Bottle,730,P_9,na,na,3,Water,March,Time_Series,Time_Series,NA,NA,NA,Time_Series_W
Tray2_P_84.mzML,Tray2,118,6_6_2022,Halfway_Rock,4,Bottle,690,P_84,na,na,1,Water,June,Time_Series,Time_Series,NA,NA,NA,Time_Series_W
Tray2_P_85.mzML,Tray2,91,6_6_2022,Halfway_Rock,3,Bottle,690,P_85,na,na,2,Water,June,Time_Series,Time_Series,NA,NA,NA,Time_Series_W
Tray2_P_86.mzML,Tray2,114,6_6_2022,Halfway_Rock,8,Bottle,690,P_86,na,na,3,Water,June,Time_Series,Time_Series,NA,NA,NA,Time_Series_W
100.mzML,NA,NA,8_22_2022,Allen_Island,NA,NA,NA,NA,NA,NA,NA,Tissue,August,Late_Season,Turf,Red_Blade,Red,Chondrus_crispus,Timeseries_T
101.mzML,NA,NA,8_19_2022,Damariscove_Island,NA,NA,NA,NA,NA,NA,NA,Tissue,August,Late_Season,Turf,Kelp,Brown,Alaria_esculenta,Timeseries_T
102.mzML,NA,NA,6_14_2022,Ram_Island,NA,NA,NA,NA,NA,NA,NA,Tissue,June,Early_Season,Kelp,Kelp,Brown,Sacchrina_latissima,Timeseries_T
103.mzML,NA,NA,9_1_2022,Little_Drisko,NA,NA,NA,NA,NA,NA,NA,Tissue,September,Late_Season,Kelp,Red_Filament,Red,Polysiphonia_stricta,Timeseries_T
104.mzML,NA,NA,8_19_2022,Damariscove_Island,NA,NA,NA,NA,NA,NA,NA,Tissue,August,Late_Season,Turf,Brwon_tube,Brown,Codium_fragilum,Timeseries_T
104E.mzML,NA,NA,6_29_2022,Metinic,NA,NA,NA,NA,NA,NA,NA,Tissue,June,NA,NA,Red_Filament,Red,Dasysiponia_japonica,Timeseries_T
105.mzML,NA,NA,6_14_2022,Ram_Island,NA,NA,NA,NA,NA,NA,NA,Tissue,June,Early_Season,Kelp,Red_Filament,Red,Polysiphonia_stricta,Timeseries_T
105E.mzML,NA,NA,6_29_2022,Allen_Island,NA,NA,NA,NA,NA,NA,NA,Tissue,June,NA,NA,Red_Filament,Red,Dasysiponia_japonica,Timeseries_T
106.mzML,NA,NA,8_19_2022,Damariscove_Island,NA,NA,NA,NA,NA,NA,NA,Tissue,August,Late_Season,Turf,Coralline,Red,Corallina_officinalis,Timeseries_T
107.mzML,NA,NA,8_19_2022,Damariscove_Island,NA,NA,NA,NA,NA,NA,NA,Tissue,August,Late_Season,Turf,Kelp,Brown,Agarum_clathrathum,Timeseries_T
108.mzML,NA,NA,8_19_2022,Damariscove_Island,NA,NA,NA,NA,NA,NA,NA,Tissue,August,Late_Season,Turf,Red_Filament,Red,Bonnemaisonia_hamifera,Timeseries_T
109.mzML,NA,NA,8_22_2022,Allen_Island,NA,NA,NA,NA,NA,NA,NA,Tissue,August,Late_Season,Turf,Red_Filament,Red,Dasysiponia_japonica,Timeseries_T
10E.mzML,NA,NA,4_25_2022,Allen_Island,NA,NA,NA,NA,NA,NA,NA,Tissue,April,NA,NA,Red_Blade,Red,Chondrus_crispus,Timeseries_T
11.mzML,NA,NA,5_19_2022,Halfway_Rock,NA,NA,NA,NA,NA,NA,NA,Tissue,May,Early_Season,Turf,Desmerestia,Brown,Desmerestia_viridis,Timeseries_T
110.mzML,NA,NA,6_16_2022,Little_Drisko,NA,NA,NA,NA,NA,NA,NA,Tissue,June,Early_Season,Kelp,Desmerestia,Brown,Desmerestia_viridis,Timeseries_T
110E.mzML,NA,NA,6_29_2022,Metinic,NA,NA,NA,NA,NA,NA,NA,Tissue,June,NA,NA,Red_Filament,Red,Dasysiponia_japonica,Timeseries_T
111.mzML,NA,NA,6_16_2022,Little_Drisko,NA,NA,NA,NA,NA,NA,NA,Tissue,June,Early_Season,Kelp,Red_Filament,Red,Polysiphonia_stricta,Timeseries_T
111E.mzML,NA,NA,6_29_2022,Metinic,NA,NA,NA,NA,NA,NA,NA,Tissue,June,NA,NA,Red_Filament,Red,Dasysiponia_japonica,Timeseries_T
112.mzML,NA,NA,8_29_2022,Crumple,NA,NA,NA,NA,NA,NA,NA,Tissue,August,Late_Season,Kelp,Red_Blade,Red,Phycodrys_rubens,Timeseries_T
114.mzML,NA,NA,8_28_2022,Ram_Island,NA,NA,NA,NA,NA,NA,NA,Tissue,August,Late_Season,Kelp,Kelp,Brown,Agarum_clathrathum,Timeseries_T
115.mzML,NA,NA,9_1_2022,Little_Drisko,NA,NA,NA,NA,NA,NA,NA,Tissue,September,Late_Season,Kelp,Kelp,Brown,Sacchrina_latissima,Timeseries_T
117.mzML,NA,NA,8_29_2022,Crumple,NA,NA,NA,NA,NA,NA,NA,Tissue,August,Late_Season,Kelp,Red_Tube,Red,Polyides,Timeseries_T
118.mzML,NA,NA,9_1_2022,Little_Drisko,NA,NA,NA,NA,NA,NA,NA,Tissue,September,Late_Season,Kelp,Kelp,Brown,Agarum_clathrathum,Timeseries_T
118E.mzML,NA,NA,6_29_2022,Allen_Island,NA,NA,NA,NA,NA,NA,NA,Tissue,June,NA,NA,Kelp,Brown,Laminaria_digitata,Timeseries_T
119.mzML,NA,NA,8_28_2022,Ram_Island,NA,NA,NA,NA,NA,NA,NA,Tissue,August,Late_Season,Kelp,Red_Blade,Red,Phycodrys_rubens,Timeseries_T
119E.mzML,NA,NA,6_29_2022,Metinic,NA,NA,NA,NA,NA,NA,NA,Tissue,June,NA,NA,Kelp,Brown,Laminaria_digitata,Timeseries_T
11E.mzML,NA,NA,4_27_2022,Damariscove_Island,NA,NA,NA,NA,NA,NA,NA,Tissue,April,NA,NA,Red_Blade,Red,Chondrus_crispus,Timeseries_T
12.mzML,NA,NA,5_19_2022,Halfway_Rock,NA,NA,NA,NA,NA,NA,NA,Tissue,May,Early_Season,Turf,Red_Filament,Red,Dasysiponia_japonica,Timeseries_T
120A.mzML,NA,NA,8_29_2022,Crumple,NA,NA,NA,NA,NA,NA,NA,Tissue,August,Late_Season,Kelp,Red_Blade,Red,palmaria_palmata,Timeseries_T
120B.mzML,NA,NA,8_28_2022,Ram_Island,NA,NA,NA,NA,NA,NA,NA,Tissue,August,Late_Season,Kelp,Red_Filament,Red,Polysiphonia_stricta,Timeseries_T
122.mzML,NA,NA,8_29_2022,Crumple,NA,NA,NA,NA,NA,NA,NA,Tissue,August,Late_Season,Kelp,Desmerestia,Brown,Desmerestia_aculeata,Timeseries_T
123A.mzML,NA,NA,6_15_2022,Crumple,NA,NA,NA,NA,NA,NA,NA,Tissue,June,Early_Season,Kelp,Desmerestia,Brown,Desmerestia_viridis,Timeseries_T
123B.mzML,NA,NA,8_29_2022,Crumple,NA,NA,NA,NA,NA,NA,NA,Tissue,August,Late_Season,Kelp,Red_Blade,Red,Euthora_cristata,Timeseries_T
124.mzML,NA,NA,8_28_2022,Ram_Island,NA,NA,NA,NA,NA,NA,NA,Tissue,August,Late_Season,Kelp,Kelp,Brown,Laminaria_digitata,Timeseries_T
124E.mzML,NA,NA,6_29_2022,Allen_Island,NA,NA,NA,NA,NA,NA,NA,Tissue,June,NA,NA,Red_Blade,Red,Chondrus_crispus,Timeseries_T
125.mzML,NA,NA,8_28_2022,Ram_Island,NA,NA,NA,NA,NA,NA,NA,Tissue,August,Late_Season,Kelp,Red_Blade,Red,Chondrus_crispus,Timeseries_T
125E.mzML,NA,NA,6_29_2022,Allen_Island,NA,NA,NA,NA,NA,NA,NA,Tissue,June,NA,NA,Red_Blade,Red,Chondrus_crispus,Timeseries_T
126.mzML,NA,NA,8_28_2022,Ram_Island,NA,NA,NA,NA,NA,NA,NA,Tissue,August,Late_Season,Kelp,Red_Blade,Red,Euthora_cristata,Timeseries_T
127.mzML,NA,NA,9_1_2022,Little_Drisko,NA,NA,NA,NA,NA,NA,NA,Tissue,September,Late_Season,Kelp,Red_Blade,Red,Chondrus_crispus,Timeseries_T
128.mzML,NA,NA,9_1_2022,Little_Drisko,NA,NA,NA,NA,NA,NA,NA,Tissue,September,Late_Season,Kelp,Red_Blade,Red,Palmaria_palmata,Timeseries_T
129A.mzML,NA,NA,8_29_2022,Crumple,NA,NA,NA,NA,NA,NA,NA,Tissue,August,Late_Season,Kelp,Red_Filament,Red,Polysiphonia_stricta,Timeseries_T
129B.mzML,NA,NA,8_28_2022,Ram_Island,NA,NA,NA,NA,NA,NA,NA,Tissue,August,Late_Season,Kelp,Desmerestia,Brown,Desmerestia_viridis,Timeseries_T
12E.mzML,NA,NA,4_27_2022,Damariscove_Island,NA,NA,NA,NA,NA,NA,NA,Tissue,April,NA,NA,Kelp,Brown,Sacchrina_latissima,Timeseries_T
13.mzML,NA,NA,5_19_2022,Halfway_Rock,NA,NA,NA,NA,NA,NA,NA,Tissue,May,Early_Season,Turf,Red_Blade,Red,Porphyra,Timeseries_T
130.mzML,NA,NA,8_29_2022,Crumple,NA,NA,NA,NA,NA,NA,NA,Tissue,August,Late_Season,Kelp,Kelp,Brown,Laminaria_digitata,Timeseries_T
131.mzML,NA,NA,9_1_2022,Little_Drisko,NA,NA,NA,NA,NA,NA,NA,Tissue,September,Late_Season,Kelp,Red_Tube,Red,Polyides,Timeseries_T
132E.mzML,NA,NA,6_29_2022,Metinic,NA,NA,NA,NA,NA,NA,NA,Tissue,June,NA,NA,Kelp,Brown,Laminaria_digitata,Timeseries_T
133.mzML,NA,NA,9_1_2022,Little_Drisko,NA,NA,NA,NA,NA,NA,NA,Tissue,September,Late_Season,Kelp,Desmerestia,Brown,Desmerestia_aculeata,Timeseries_T
133E.mzML,NA,NA,7_7_2022,Damariscove_Island,NA,NA,NA,NA,NA,NA,NA,Tissue,July,NA,NA,Red_Blade,Red,Chondrus_crispus,Timeseries_T
134.mzML,NA,NA,8_29_2022,Crumple,NA,NA,NA,NA,NA,NA,NA,Tissue,August,Late_Season,Kelp,Red_Blade,Red,Chondrus_crispus,Timeseries_T
135.mzML,NA,NA,Unkown,Unknown,NA,NA,NA,NA,NA,NA,NA,Tissue,Unknown,Unkown,Unknown,Unknown,Unknown,Unknown,Timeseries_T
135EB.mzML,NA,NA,6_29_2022,Metinic,NA,NA,NA,NA,NA,NA,NA,Tissue,June,NA,NA,Red_Blade,Red,Chondrus_crispus,Timeseries_T
136.mzML,NA,NA,Unknown,Unknown,NA,NA,NA,NA,NA,NA,NA,Tissue,Unknown,Unknown,Unknown,Unknown,Unknown,Unknown,Timeseries_T
136E.mzML,NA,NA,7_7_2022,Damariscove_Island,NA,NA,NA,NA,NA,NA,NA,Tissue,July,NA,NA,Red_Filament,Red,Dasysiponia_japonica,Timeseries_T
137.mzML,NA,NA,9_1_2022,Little_Drisko,NA,NA,NA,NA,NA,NA,NA,Tissue,September,Late_Season,Kelp,Kelp,Brown,Laminaria_digitata,Timeseries_T
138.mzML,NA,NA,8_16_2022,Halfway_Rock,NA,NA,NA,NA,NA,NA,NA,Tissue,August,Late_Season,Turf,Desmerestia,Brown,Desmerestia_viridis,Timeseries_T
138E.mzML,NA,NA,6_29_2022,Allen_Island,NA,NA,NA,NA,NA,NA,NA,Tissue,June,NA,NA,Kelp,Brown,Laminaria_digitata,Timeseries_T
139E.mzML,NA,NA,7_7_2022,Damariscove_Island,NA,NA,NA,NA,NA,NA,NA,Tissue,July,NA,NA,Kelp,Brown,Laminaria_digitata,Timeseries_T
13E.mzML,NA,NA,4_25_2022,Allen_Island,NA,NA,NA,NA,NA,NA,NA,Tissue,April,NA,NA,Red_Filament,Red,Dasysiponia_japonica,Timeseries_T
14.mzML,NA,NA,5_19_2022,Halfway_Rock,NA,NA,NA,NA,NA,NA,NA,Tissue,May,Early_Season,Turf,Red_Filament,Red,Rhodomela,Timeseries_T
140.mzML,NA,NA,9_1_2022,Little_Drisko,NA,NA,NA,NA,NA,NA,NA,Tissue,September,Late_Season,Kelp,Coralline,Red,Corallina_officinalis,Timeseries_T
141E.mzML,NA,NA,6_29_2022,Metinic,NA,NA,NA,NA,NA,NA,NA,Tissue,June,NA,NA,Kelp,Brown,Laminaria_digitata,Timeseries_T
142E.mzML,NA,NA,7_7_2022,Damariscove_Island,NA,NA,NA,NA,NA,NA,NA,Tissue,July,NA,NA,Red_Blade,Red,Chondrus_crispus,Timeseries_T
143E.mzML,NA,NA,6_29_2022,Allen_Island,NA,NA,NA,NA,NA,NA,NA,Tissue,June,NA,NA,Red_Filament,Red,Dasysiponia_japonica,Timeseries_T
144E.mzML,NA,NA,7_7_2022,Damariscove_Island,NA,NA,NA,NA,NA,NA,NA,Tissue,July,NA,NA,Red_Filament,Red,Dasysiponia_japonica,Timeseries_T
145E.mzML,NA,NA,7_14_2022,Halfway_Rock,NA,NA,NA,NA,NA,NA,NA,Tissue,July,NA,NA,Red_Blade,Red,Chondrus_crispus,Timeseries_T
147E.mzML,NA,NA,7_7_2022,Damariscove_Island,NA,NA,NA,NA,NA,NA,NA,Tissue,July,NA,NA,Kelp,Brown,Laminaria_digitata,Timeseries_T
14E.mzML,NA,NA,4_27_2022,Damariscove_Island,NA,NA,NA,NA,NA,NA,NA,Tissue,April,NA,NA,Red_Filament,Red,Dasysiponia_japonica,Timeseries_T
15.mzML,NA,NA,5_19_2022,Halfway_Rock,NA,NA,NA,NA,NA,NA,NA,Tissue,May,Early_Season,Turf,Kelp,Brown,Sacchrina_latissima,Timeseries_T
150E.mzML,NA,NA,7_7_2022,Damariscove_Island,NA,NA,NA,NA,NA,NA,NA,Tissue,July,NA,NA,Red_Blade,Red,Chondrus_crispus,Timeseries_T
151E.mzML,NA,NA,7_14_2022,Halfway_Rock,NA,NA,NA,NA,NA,NA,NA,Tissue,July,NA,NA,Kelp,Brown,Sacchrina_latissima,Timeseries_T
153E.mzML,NA,NA,7_7_2022,Damariscove_Island,NA,NA,NA,NA,NA,NA,NA,Tissue,July,NA,NA,Kelp,Brown,Laminaria_digitata,Timeseries_T
154E.mzML,NA,NA,7_14_2022,Halfway_Rock,NA,NA,NA,NA,NA,NA,NA,Tissue,July,NA,NA,Red_Filament,Red,Dasysiponia_japonica,Timeseries_T
156E.mzML,NA,NA,7_7_2022,Damariscove_Island,NA,NA,NA,NA,NA,NA,NA,Tissue,July,NA,NA,Red_Filament,Red,Dasysiponia_japonica,Timeseries_T
157E.mzML,NA,NA,7_14_2022,Halfway_Rock,NA,NA,NA,NA,NA,NA,NA,Tissue,July,NA,NA,Kelp,Brown,Sacchrina_latissima,Timeseries_T
159E.mzML,NA,NA,7_14_2022,Halfway_Rock,NA,NA,NA,NA,NA,NA,NA,Tissue,July,NA,NA,Kelp,Brown,Sacchrina_latissima,Timeseries_T
15E.mzML,NA,NA,4_27_2022,Damariscove_Island,NA,NA,NA,NA,NA,NA,NA,Tissue,April,NA,NA,Red_Filament,Red,Dasysiponia_japonica,Timeseries_T
16.mzML,NA,NA,5_24_2022,Allen_Island,NA,NA,NA,NA,NA,NA,NA,Tissue,May,Early_Season,Turf,Desmerestia,Brown,Desmerestia_viridis,Timeseries_T
160E.mzML,NA,NA,7_14_2022,Halfway_Rock,NA,NA,NA,NA,NA,NA,NA,Tissue,July,NA,NA,Red_Blade,Red,Chondrus_crispus,Timeseries_T
161E.mzML,NA,NA,7_14_2022,Halfway_Rock,NA,NA,NA,NA,NA,NA,NA,Tissue,July,NA,NA,Red_Filament,Red,Dasysiponia_japonica,Timeseries_T
162E.mzML,NA,NA,7_14_2022,Halfway_Rock,NA,NA,NA,NA,NA,NA,NA,Tissue,July,NA,NA,Red_Filament,Red,Dasysiponia_japonica,Timeseries_T
163E.mzML,NA,NA,7_27_2022,Allen_Island,NA,NA,NA,NA,NA,NA,NA,Tissue,July,NA,NA,Red_Filament,Red,Dasysiponia_japonica,Timeseries_T
164E.mzML,NA,NA,7_27_2022,Allen_Island,NA,NA,NA,NA,NA,NA,NA,Tissue,July,NA,NA,Red_Filament,Red,Dasysiponia_japonica,Timeseries_T
165E.mzML,NA,NA,7_27_2022,Metinic,NA,NA,NA,NA,NA,NA,NA,Tissue,July,NA,NA,Red_Blade,Red,Chondrus_crispus,Timeseries_T
166E.mzML,NA,NA,7_27_2022,Metinic,NA,NA,NA,NA,NA,NA,NA,Tissue,July,NA,NA,Red_Filament,Red,Dasysiponia_japonica,Timeseries_T
167E.mzML,NA,NA,7_27_2022,Allen_Island,NA,NA,NA,NA,NA,NA,NA,Tissue,July,NA,NA,Red_Blade,Red,Chondrus_crispus,Timeseries_T
168E.mzML,NA,NA,7_27_2022,Allen_Island,NA,NA,NA,NA,NA,NA,NA,Tissue,July,NA,NA,Kelp,Brown,Sacchrina_latissima,Timeseries_T
169E.mzML,NA,NA,7_27_2022,Allen_Island,NA,NA,NA,NA,NA,NA,NA,Tissue,July,NA,NA,Kelp,Brown,Sacchrina_latissima,Timeseries_T
16E.mzML,NA,NA,4_25_2022,Allen_Island,NA,NA,NA,NA,NA,NA,NA,Tissue,April,NA,NA,Red_Blade,Red,Chondrus_crispus,Timeseries_T
17.mzML,NA,NA,5_19_2022,Halfway_Rock,NA,NA,NA,NA,NA,NA,NA,Tissue,May,Early_Season,Turf,Red_Blade,Red,Chondrus_crispus,Timeseries_T
170E.mzML,NA,NA,7_27_2022,Allen_Island,NA,NA,NA,NA,NA,NA,NA,Tissue,July,NA,NA,Red_Filament,Red,Dasysiponia_japonica,Timeseries_T
171E.mzML,NA,NA,7_27_2022,Allen_Island,NA,NA,NA,NA,NA,NA,NA,Tissue,July,NA,NA,Kelp,Brown,Sacchrina_latissima,Timeseries_T
172E.mzML,NA,NA,7_27_2022,Metinic,NA,NA,NA,NA,NA,NA,NA,Tissue,July,NA,NA,Red_Filament,Red,Dasysiponia_japonica,Timeseries_T
173E.mzML,NA,NA,7_27_2022,Allen_Island,NA,NA,NA,NA,NA,NA,NA,Tissue,July,NA,NA,Red_Blade,Red,Chondrus_crispus,Timeseries_T
174E.mzML,NA,NA,7_27_2022,Metinic,NA,NA,NA,NA,NA,NA,NA,Tissue,July,NA,NA,Kelp,Brown,Laminaria_digitata,Timeseries_T
175E.mzML,NA,NA,7_27_2022,Metinic,NA,NA,NA,NA,NA,NA,NA,Tissue,July,NA,NA,Kelp,Brown,Laminaria_digitata,Timeseries_T
176E.mzML,NA,NA,7_27_2022,Metinic,NA,NA,NA,NA,NA,NA,NA,Tissue,July,NA,NA,Red_Filament,Red,Dasysiponia_japonica,Timeseries_T
177E.mzML,NA,NA,7_27_2022,Metinic,NA,NA,NA,NA,NA,NA,NA,Tissue,July,NA,NA,Red_Blade,Red,Chondrus_crispus,Timeseries_T
178E.mzML,NA,NA,7_27_2022,Allen_Island,NA,NA,NA,NA,NA,NA,NA,Tissue,July,NA,NA,Red_Blade,Red,Chondrus_crispus,Timeseries_T
179E.mzML,NA,NA,7_27_2022,Metinic,NA,NA,NA,NA,NA,NA,NA,Tissue,July,NA,NA,Kelp,Brown,Laminaria_digitata,Timeseries_T
17E.mzML,NA,NA,Unknown,Unknown,NA,NA,NA,NA,NA,NA,NA,Tissue,Unknown,Unknown,Unknown,Unknown,Unknown,Unknown,Timeseries_T
18.mzML,NA,NA,5_24_2022,Allen_Island,NA,NA,NA,NA,NA,NA,NA,Tissue,May,Early_Season,Turf,Red_Blade,Red,Chondrus_crispus,Timeseries_T
180E.mzML,NA,NA,7_27_2022,Metinic,NA,NA,NA,NA,NA,NA,NA,Tissue,July,NA,NA,Red_Blade,Red,Chondrus_crispus,Timeseries_T
181E.mzML,NA,NA,3_10_2022,Allen_Island,NA,NA,NA,NA,NA,NA,NA,Tissue,March,NA,NA,Red_Blade,Red,Chondrus_crispus,Timeseries_T
182E.mzML,NA,NA,3_10_2022,Allen_Island,NA,NA,NA,NA,NA,NA,NA,Tissue,March,NA,NA,Kelp,Brown,Sacchrina_latissima,Timeseries_T
183E.mzML,NA,NA,3_10_2022,Allen_Island,NA,NA,NA,NA,NA,NA,NA,Tissue,March,NA,NA,Red_Filament,Red,Dasysiponia_japonica,Timeseries_T
184E.mzML,NA,NA,3_10_2022,Allen_Island,NA,NA,NA,NA,NA,NA,NA,Tissue,March,NA,NA,Red_Filament,Red,Dasysiponia_japonica,Timeseries_T
185E.mzML,NA,NA,3_10_2022,Metinic,NA,NA,NA,NA,NA,NA,NA,Tissue,March,NA,NA,Red_Filament,Red,Dasysiponia_japonica,Timeseries_T
186E.mzML,NA,NA,3_10_2022,Metinic,NA,NA,NA,NA,NA,NA,NA,Tissue,March,NA,NA,Kelp,Brown,Laminaria_digitata,Timeseries_T
187E.mzML,NA,NA,3_10_2022,Metinic,NA,NA,NA,NA,NA,NA,NA,Tissue,March,NA,NA,Kelp,Brown,Laminaria_digitata,Timeseries_T
188E.mzML,NA,NA,3_10_2022,Metinic,NA,NA,NA,NA,NA,NA,NA,Tissue,March,NA,NA,Red_Filament,Red,Dasysiponia_japonica,Timeseries_T
189E.mzML,NA,NA,3_10_2022,Metinic,NA,NA,NA,NA,NA,NA,NA,Tissue,March,NA,NA,Red_Blade,Red,Chondrus_crispus,Timeseries_T
18E.mzML,NA,NA,4_27_2022,Damariscove_Island,NA,NA,NA,NA,NA,NA,NA,Tissue,April,NA,NA,Red_Filament,Red,Dasysiponia_japonica,Timeseries_T
19.mzML,NA,NA,5_19_2022,Halfway_Rock,NA,NA,NA,NA,NA,NA,NA,Tissue,May,Early_Season,Turf,Kelp,Brown,Laminaria_digitata,Timeseries_T
190E.mzML,NA,NA,3_18_2022,Damariscove_Island,NA,NA,NA,NA,NA,NA,NA,Tissue,March,NA,NA,Red_Filament,Red,Dasysiponia_japonica,Timeseries_T
191E.mzML,NA,NA,3_18_2022,Damariscove_Island,NA,NA,NA,NA,NA,NA,NA,Tissue,March,NA,NA,Red_Blade,Red,Chondrus_crispus,Timeseries_T
192E.mzML,NA,NA,3_11_2022,Halfway_Rock,NA,NA,NA,NA,NA,NA,NA,Tissue,March,NA,NA,Red_Blade,Red,Chondrus_crispus,Timeseries_T
193E.mzML,NA,NA,3_18_2022,Damariscove_Island,NA,NA,NA,NA,NA,NA,NA,Tissue,March,NA,NA,Kelp,Brown,Sacchrina_latissima,Timeseries_T
194E.mzML,NA,NA,3_10_2022,Allen_Island,NA,NA,NA,NA,NA,NA,NA,Tissue,March,NA,NA,Red_Filament,Red,Dasysiponia_japonica,Timeseries_T
195E.mzML,NA,NA,3_10_2022,Allen_Island,NA,NA,NA,NA,NA,NA,NA,Tissue,March,NA,NA,Kelp,Brown,Sacchrina_latissima,Timeseries_T
196E.mzML,NA,NA,3_10_2022,Allen_Island,NA,NA,NA,NA,NA,NA,NA,Tissue,March,NA,NA,Kelp,Brown,Sacchrina_latissima,Timeseries_T
197E.mzML,NA,NA,3_11_2022,Halfway_Rock,NA,NA,NA,NA,NA,NA,NA,Tissue,March,NA,NA,Red_Filament,Red,Dasysiponia_japonica,Timeseries_T
198E.mzML,NA,NA,3_11_2022,Halfway_Rock,NA,NA,NA,NA,NA,NA,NA,Tissue,March,NA,NA,Red_Filament,Red,Dasysiponia_japonica,Timeseries_T
19E.mzML,NA,NA,4_25_2022,Allen_Island,NA,NA,NA,NA,NA,NA,NA,Tissue,April,NA,NA,Red_Filament,Red,Dasysiponia_japonica,Timeseries_T
1E.mzML,NA,NA,4_25_2022,Allen_Island,NA,NA,NA,NA,NA,NA,NA,Tissue,April,NA,NA,Red_Filament,Red,Dasysiponia_japonica,Timeseries_T
20.mzML,NA,NA,5_19_2022,Halfway_Rock,NA,NA,NA,NA,NA,NA,NA,Tissue,May,Early_Season,Turf,Kelp,Brown,Agarum_clathrathum,Timeseries_T
20E.mzML,NA,NA,4_27_2022,Damariscove_Island,NA,NA,NA,NA,NA,NA,NA,Tissue,April,NA,NA,Kelp,Brown,Sacchrina_latissima,Timeseries_T
21.mzML,NA,NA,5_19_2022,Halfway_Rock,NA,NA,NA,NA,NA,NA,NA,Tissue,May,Early_Season,Turf,Red_Filament,Red,Polysiphonia_stricta,Timeseries_T
215E.mzML,NA,NA,8_25_2022,Metinic,NA,NA,NA,NA,NA,NA,NA,Tissue,August,NA,NA,Red_Filament,Red,Dasysiponia_japonica,Timeseries_T
217E.mzML,NA,NA,8_25_2022,Metinic,NA,NA,NA,NA,NA,NA,NA,Tissue,August,NA,NA,Red_Blade,Red,Chondrus_crispus,Timeseries_T
218E.mzML,NA,NA,8_25_2022,Metinic,NA,NA,NA,NA,NA,NA,NA,Tissue,August,NA,NA,Red_Blade,Red,Chondrus_crispus,Timeseries_T
219E.mzML,NA,NA,8_25_2022,Metinic,NA,NA,NA,NA,NA,NA,NA,Tissue,August,NA,NA,Kelp,Brown,Laminaria_digitata,Timeseries_T
21E.mzML,NA,NA,4_27_2022,Damariscove_Island,NA,NA,NA,NA,NA,NA,NA,Tissue,April,NA,NA,Red_Blade,Red,Chondrus_crispus,Timeseries_T
22.mzML,NA,NA,5_24_2022,Allen_Island,NA,NA,NA,NA,NA,NA,NA,Tissue,May,Early_Season,Turf,Red_Filament,Red,Rhodomela,Timeseries_T
221E.mzML,NA,NA,8_25_2022,Metinic,NA,NA,NA,NA,NA,NA,NA,Tissue,August,NA,NA,Red_Blade,Red,Chondrus_crispus,Timeseries_T
227E.mzML,NA,NA,8_25_2022,Metinic,NA,NA,NA,NA,NA,NA,NA,Tissue,August,NA,NA,Red_Filament,Red,Dasysiponia_japonica,Timeseries_T
228E.mzML,NA,NA,8_25_2022,Metinic,NA,NA,NA,NA,NA,NA,NA,Tissue,August,NA,NA,Kelp,Brown,Laminaria_digitata,Timeseries_T
22E.mzML,NA,NA,5_16_2022,Metinic,NA,NA,NA,NA,NA,NA,NA,Tissue,May,NA,NA,Red_Filament,Red,Dasysiponia_japonica,Timeseries_T
23.mzML,NA,NA,5_24_2022,Allen_Island,NA,NA,NA,NA,NA,NA,NA,Tissue,May,Early_Season,Turf,Kelp,Brown,Sacchrina_latissima,Timeseries_T
238E.mzML,NA,NA,8_25_2022,Metinic,NA,NA,NA,NA,NA,NA,NA,Tissue,August,NA,NA,Red_Filament,Red,Dasysiponia_japonica,Timeseries_T
23E.mzML,NA,NA,5_16_2022,Metinic,NA,NA,NA,NA,NA,NA,NA,Tissue,May,NA,NA,Red_Blade,Red,Chondrus_crispus,Timeseries_T
97.mzML,NA,NA,8_22_2022,Allen_Island,NA,NA,NA,NA,NA,NA,NA,Tissue,August,Late_Season,Turf,Green_Blade,Green,Ulva,Timeseries_T
98.mzML,NA,NA,6_14_2022,Ram_Island,NA,NA,NA,NA,NA,NA,NA,Tissue,June,Early_Season,Kelp,Kelp,Brown,Laminaria_digitata,Timeseries_T
99.mzML,NA,NA,8_16_2022,Halfway_Rock,NA,NA,NA,NA,NA,NA,NA,Tissue,August,Late_Season,Turf,Kelp,Brown,Laminaria_digitata,Timeseries_T
99E.mzML,NA,NA,6_29_2022,Metinic,NA,NA,NA,NA,NA,NA,NA,Tissue,June,NA,NA,Red_Blade,Red,Chondrus_crispus,Timeseries_T
9E.mzML,NA,NA,4_25_2022,Allen_Island,NA,NA,NA,NA,NA,NA,NA,Tissue,April,NA,NA,Kelp,Brown,Sacchrina_latissima,Timeseries_T
